Utility ID,Generator ID
,
Generator ID,Cooling ID
Many,1-3
Many,1-3
Many,1-3
Many,1-3
Many,1-3
Many,1-3
Many,1-3
Many,1-3
Many,1-3
Many,1-3
Many,1-3
Many,1-3
Many,4-5
Many,4-5
Many,4-5
Many,4-5
Many,4-5
Many,4-5
Many,4-5
Many,4-5
Many,4-5
Many,4-5
Many,4-5
Many,4-5
Many,U6C
Many,U6C
Many,U6C
Many,U6C
Many,U6C
Many,U6C
Many,U6C
Many,U6C
Many,U6C
Many,U6C
Many,U6C
Many,U6C
Many,U7C
Many,U7C
Many,U7C
Many,U7C
Many,U7C
Many,U7C
Many,U7C
Many,U7C
Many,U7C
Many,U7C
Many,U7C
Many,U7C
Many,1-2
Many,1-2
Many,1-2
Many,1-2
Many,1-2
Many,1-2
Many,1-2
Many,1-2
Many,1-2
Many,1-2
Many,1-2
Many,1-2
5,5
5,5
5,5
5,5
5,5
5,5
5,5
5,5
5,5
5,5
5,5
5,5
Many,Many
Many,Many
Many,Many
Many,Many
Many,Many
Many,Many
Many,Many
Many,Many
Many,Many
Many,Many
Many,Many
Many,Many
Many,SITE
Many,SITE
Many,SITE
Many,SITE
Many,SITE
Many,SITE
Many,SITE
Many,SITE
Many,SITE
Many,SITE
Many,SITE
Many,SITE
1,1
1,1
1,1
1,1
1,1
1,1
1,1
1,1
1,1
1,1
1,1
1,1
1,1
1,1
1,1
1,1
1,1
1,1
1,1
1,1
1,1
1,1
1,1
1,1
2,2
2,2
2,2
2,2
2,2
2,2
2,2
2,2
2,2
2,2
2,2
2,2
1,CW1A
1,CW1A
1,CW1A
1,CW1A
1,CW1A
1,CW1A
1,CW1A
1,CW1A
1,CW1A
1,CW1A
1,CW1A
1,CW1A
3,3
3,3
3,3
3,3
3,3
3,3
3,3
3,3
3,3
3,3
3,3
3,3
1,Many
1,Many
1,Many
1,Many
1,Many
1,Many
1,Many
1,Many
1,Many
1,Many
1,Many
1,Many
Many,CC4
Many,CC4
Many,CC4
Many,CC4
Many,CC4
Many,CC4
Many,CC4
Many,CC4
Many,CC4
Many,CC4
Many,CC4
Many,CC4
Many,CC1-3
Many,CC1-3
Many,CC1-3
Many,CC1-3
Many,CC1-3
Many,CC1-3
Many,CC1-3
Many,CC1-3
Many,CC1-3
Many,CC1-3
Many,CC1-3
Many,CC1-3
Many,CC5
Many,CC5
Many,CC5
Many,CC5
Many,CC5
Many,CC5
Many,CC5
Many,CC5
Many,CC5
Many,CC5
Many,CC5
Many,CC5
Many,Many
Many,Many
Many,Many
Many,Many
Many,Many
Many,Many
Many,Many
Many,Many
Many,Many
Many,Many
Many,Many
Many,Many
1,1
1,1
1,1
1,1
1,1
1,1
1,1
1,1
1,1
1,1
1,1
1,1
2,2
2,2
2,2
2,2
2,2
2,2
2,2
2,2
2,2
2,2
2,2
2,2
3,3
3,3
3,3
3,3
3,3
3,3
3,3
3,3
3,3
3,3
3,3
3,3
4,4
4,4
4,4
4,4
4,4
4,4
4,4
4,4
4,4
4,4
4,4
4,4
1,1
1,1
1,1
1,1
1,1
1,1
1,1
1,1
1,1
1,1
1,1
1,1
2,2
2,2
2,2
2,2
2,2
2,2
2,2
2,2
2,2
2,2
2,2
2,2
Many,3
Many,3
Many,3
Many,3
Many,3
Many,3
Many,3
Many,3
Many,3
Many,Many
Many,Many
Many,Many
Many,Many
Many,Many
Many,Many
Many,Many
Many,Many
Many,Many
Many,Many
Many,Many
Many,Many
KY1,K-1
KY1,K-1
KY1,K-1
KY1,K-1
KY1,K-1
KY1,K-1
KY1,K-1
KY1,K-1
KY1,K-1
KY1,K-1
KY1,K-1
KY1,K-1
KY2,K-2
KY2,K-2
KY2,K-2
KY2,K-2
KY2,K-2
KY2,K-2
KY2,K-2
KY2,K-2
KY2,K-2
KY2,K-2
KY2,K-2
KY2,K-2
Many,K-7
Many,K-7
Many,K-7
Many,K-7
Many,K-7
Many,K-7
Many,K-7
Many,K-7
Many,K-7
Many,K-7
Many,K-7
Many,K-7
ST1,1
ST1,1
ST1,1
ST1,1
ST1,1
ST1,1
ST1,1
ST1,1
ST1,1
ST1,1
ST1,1
ST1,1
ST2,2
ST2,2
ST2,2
ST2,2
ST2,2
ST2,2
ST2,2
ST2,2
ST2,2
ST2,2
ST2,2
ST2,2
ST3,3
ST3,3
ST3,3
ST3,3
ST3,3
ST3,3
ST3,3
ST3,3
ST3,3
ST3,3
ST3,3
ST3,3
2,2
2,2
2,2
2,2
2,2
2,2
2,2
2,2
2,2
2,2
2,2
2,2
Many,3
Many,3
Many,3
Many,3
Many,3
Many,3
Many,3
Many,3
Many,3
Many,3
Many,3
Many,3
4,4
4,4
4,4
4,4
4,4
4,4
4,4
4,4
4,4
4,4
4,4
4,4
1,01
1,01
1,01
1,01
1,01
1,01
1,01
1,01
1,01
1,01
1,01
1,01
1,01
1,01
1,01
1,01
1,01
1,01
1,01
1,01
1,01
1,01
1,01
1,01
1,CW-1
1,CW-1
1,CW-1
1,CW-1
1,CW-1
1,CW-1
1,CW-1
1,CW-1
1,CW-1
1,CW-1
1,CW-1
1,CW-1
1,1
1,1
1,1
1,1
1,1
1,1
1,1
1,1
1,1
1,1
1,1
1,1
Many,U1
Many,U1
Many,U1
Many,U1
Many,U1
Many,U1
Many,U1
Many,U1
Many,U1
Many,U1
Many,U1
Many,U1
Many,U2
Many,U2
Many,U2
Many,U2
Many,U2
Many,U2
Many,U2
Many,U2
Many,U2
Many,U2
Many,U2
Many,U2
1,C1
1,C1
1,C1
1,C1
1,C1
1,C1
1,C1
1,C1
1,C1
1,C1
1,C1
1,C1
2,C2
2,C2
2,C2
2,C2
2,C2
2,C2
2,C2
2,C2
2,C2
2,C2
2,C2
2,C2
3,3
3,3
3,3
3,3
3,3
3,3
3,3
3,3
3,3
3,3
3,3
3,3
4,4
4,4
4,4
4,4
4,4
4,4
4,4
4,4
4,4
4,4
4,4
4,4
5,5
5,5
5,5
5,5
5,5
5,5
5,5
5,5
5,5
5,5
5,5
5,5
2,1
2,1
2,1
2,1
2,1
2,1
2,1
2,1
2,1
2,1
2,1
2,1
Many,1
Many,1
Many,1
Many,1
Many,1
Many,1
Many,1
Many,1
Many,1
Many,1
Many,1
Many,1
5,5
5,5
5,5
5,5
5,5
5,5
5,5
5,5
5,5
5,5
5,5
5,5
6,6
6,6
6,6
6,6
6,6
6,6
6,6
6,6
6,6
6,6
6,6
6,6
8,8
8,8
8,8
8,8
8,8
8,8
8,8
8,8
8,8
8,8
8,8
8,8
Many,CT3
Many,CT3
Many,CT3
Many,CT3
Many,CT3
Many,CT3
Many,CT3
Many,CT3
Many,CT3
Many,CT3
Many,CT3
Many,CT3
Many,CT4
Many,CT4
Many,CT4
Many,CT4
Many,CT4
Many,CT4
Many,CT4
Many,CT4
Many,CT4
Many,CT4
Many,CT4
Many,CT4
2,CW
2,CW
2,CW
2,CW
2,CW
2,CW
2,CW
2,CW
2,CW
2,CW
2,CW
2,CW
Many,Many
Many,Many
Many,Many
Many,Many
Many,Many
Many,Many
Many,Many
Many,Many
Many,Many
Many,Many
Many,Many
Many,Many
Many,Many
Many,Many
4,4
4,4
4,4
4,4
4,4
4,4
4,4
4,4
4,4
4,4
4,4
4,4
Many,2
Many,2
Many,2
Many,2
Many,2
Many,2
Many,2
Many,2
Many,2
Many,2
Many,2
Many,2
Many,30
Many,30
Many,30
Many,30
Many,30
Many,30
Many,30
Many,30
Many,30
Many,30
Many,30
Many,30
1,1
1,1
1,1
1,1
1,1
1,1
1,1
1,1
1,1
1,1
1,1
1,1
2,2
2,2
2,2
2,2
2,2
2,2
2,2
2,2
2,2
2,2
2,2
2,2
Many,8
Many,8
Many,8
Many,8
Many,8
Many,8
Many,8
Many,8
Many,8
Many,8
Many,8
Many,8
Many,5
Many,5
Many,5
Many,5
Many,5
Many,5
Many,5
Many,5
Many,5
Many,5
Many,5
Many,5
Many,CW12
Many,CW12
Many,CW12
Many,CW12
Many,CW12
Many,CW12
Many,CW12
Many,CW12
Many,CW12
Many,CW12
Many,CW12
Many,CW12
Many,8
Many,8
Many,8
Many,8
Many,8
Many,8
Many,8
Many,8
Many,8
Many,8
Many,8
Many,8
Many,Many
Many,Many
Many,Many
Many,Many
Many,Many
Many,Many
Many,Many
Many,Many
Many,Many
Many,Many
Many,Many
Many,Many
Many,Many
Many,Many
Many,Many
Many,Many
Many,Many
Many,Many
Many,Many
Many,Many
Many,Many
Many,Many
Many,Many
Many,Many
Many,Many
Many,Many
Many,Many
Many,Many
Many,Many
Many,Many
Many,Many
Many,Many
Many,Many
Many,Many
Many,Many
Many,Many
Many,MCWCT
Many,MCWCT
Many,MCWCT
Many,MCWCT
Many,MCWCT
Many,MCWCT
Many,MCWCT
Many,MCWCT
Many,MCWCT
Many,MCWCT
Many,MCWCT
Many,MCWCT
Many,VCT
Many,VCT
Many,VCT
Many,VCT
Many,VCT
Many,VCT
Many,VCT
Many,VCT
Many,VCT
Many,VCT
Many,VCT
Many,VCT
5,5
5,5
5,5
5,5
5,5
5,5
5,5
5,5
5,5
5,5
5,5
5,5
6,6
6,6
6,6
6,6
6,6
6,6
6,6
6,6
6,6
6,6
6,6
6,6
2,2
2,2
2,2
2,2
2,2
2,2
2,2
2,2
2,2
2,2
2,2
2,2
3,3
3,3
3,3
3,3
3,3
3,3
3,3
3,3
3,3
3,3
3,3
3,3
4,4
4,4
4,4
4,4
4,4
4,4
4,4
4,4
4,4
4,4
4,4
4,4
1,1
1,1
1,1
1,1
1,1
1,1
1,1
1,1
1,1
1,1
1,1
1,1
2,2
2,2
2,2
2,2
2,2
2,2
2,2
2,2
2,2
2,2
2,2
2,2
Many,B
Many,B
Many,B
Many,B
Many,B
Many,B
Many,B
Many,B
Many,B
Many,B
Many,B
Many,B
2,CIRC2
2,CIRC2
2,CIRC2
2,CIRC2
2,CIRC2
2,CIRC2
2,CIRC2
2,CIRC2
2,CIRC2
2,CIRC2
2,CIRC2
2,CIRC2
3,CIRC3
3,CIRC3
3,CIRC3
3,CIRC3
3,CIRC3
3,CIRC3
3,CIRC3
3,CIRC3
3,CIRC3
3,CIRC3
3,CIRC3
3,CIRC3
Many,5
Many,5
Many,5
Many,5
Many,5
Many,5
Many,5
Many,5
Many,5
Many,5
Many,5
Many,5
3,3
3,3
3,3
3,3
3,3
3,3
3,3
3,3
3,3
3,3
3,3
3,3
4,4
4,4
4,4
4,4
4,4
4,4
4,4
4,4
4,4
4,4
4,4
4,4
5,5
5,5
5,5
5,5
5,5
5,5
5,5
5,5
5,5
5,5
5,5
5,5
4,4
4,4
4,4
4,4
4,4
4,4
4,4
4,4
4,4
4,4
4,4
4,4
1,1
1,1
1,1
1,1
1,1
1,1
1,1
1,1
1,1
1,1
1,1
1,1
2,2
2,2
2,2
2,2
2,2
2,2
2,2
2,2
2,2
2,2
2,2
2,2
Many,CW
Many,CW
Many,CW
Many,CW
Many,CW
Many,CW
Many,CW
Many,CW
Many,CW
Many,CW
Many,CW
Many,CW
Many,FM2
Many,FM2
Many,FM2
Many,FM2
Many,FM2
Many,FM2
Many,FM2
Many,FM2
Many,FM2
Many,FM2
Many,FM2
Many,FM2
Many,5CWS
Many,5CWS
Many,5CWS
Many,5CWS
Many,5CWS
Many,5CWS
Many,5CWS
Many,5CWS
Many,5CWS
Many,5CWS
Many,5CWS
Many,5CWS
Many,RBCT5
Many,RBCT5
Many,RBCT5
Many,RBCT5
Many,RBCT5
Many,RBCT5
Many,RBCT5
Many,RBCT5
Many,RBCT5
Many,RBCT5
Many,RBCT5
Many,RBCT5
Many,3CWS
Many,3CWS
Many,3CWS
Many,3CWS
Many,3CWS
Many,3CWS
Many,3CWS
Many,3CWS
Many,3CWS
Many,3CWS
Many,3CWS
Many,3CWS
Many,CT5
Many,CT5
Many,CT5
Many,CT5
Many,CT5
Many,CT5
Many,CT5
Many,CT5
Many,CT5
Many,CT5
Many,CT5
Many,CT5
Many,TPC
Many,TPC
Many,TPC
Many,TPC
Many,TPC
Many,TPC
Many,TPC
Many,TPC
Many,TPC
Many,TPC
Many,TPC
Many,TPC
ST4,4
ST4,4
ST4,4
ST4,4
ST4,4
ST4,4
ST4,4
ST4,4
ST4,4
ST4,4
ST4,4
ST4,4
5,5
5,5
5,5
5,5
5,5
5,5
5,5
5,5
5,5
5,5
5,5
5,5
Many,CC1CS
Many,CC1CS
Many,CC1CS
Many,CC1CS
Many,CC1CS
Many,CC1CS
Many,CC1CS
Many,CC1CS
Many,CC1CS
Many,CC1CS
Many,CC1CS
Many,CC1CS
Many,CC2CS
Many,CC2CS
Many,CC2CS
Many,CC2CS
Many,CC2CS
Many,CC2CS
Many,CC2CS
Many,CC2CS
Many,CC2CS
Many,CC2CS
Many,CC2CS
Many,CC2CS
Many,1
Many,1
Many,1
Many,1
Many,1
Many,1
Many,1
Many,1
Many,1
Many,1
Many,1
Many,1
6,6
6,6
6,6
6,6
6,6
6,6
6,6
6,6
6,6
6,6
6,6
6,6
7,7
7,7
7,7
7,7
7,7
7,7
7,7
7,7
7,7
7,7
7,7
7,7
Many,1
Many,1
Many,1
Many,1
Many,1
Many,1
Many,1
Many,1
Many,1
Many,1
Many,1
Many,1
Many,2
Many,2
Many,2
Many,2
Many,2
Many,2
Many,2
Many,2
Many,2
Many,2
Many,2
Many,2
ST3,OTC3
ST3,OTC3
ST3,OTC3
ST3,OTC3
ST4,OTC4
ST4,OTC4
ST4,OTC4
ST4,OTC4
ST4,OTC4
ST4,OTC4
ST4,OTC4
ST4,OTC4
ST4,OTC4
ST4,OTC4
ST4,OTC4
ST4,OTC4
Many,OTC1
Many,OTC1
Many,OTC1
Many,OTC1
Many,OTC1
Many,OTC1
Many,OTC1
Many,OTC1
Many,OTC1
Many,OTC1
Many,OTC1
Many,OTC1
Many,Many
Many,Many
Many,Many
Many,Many
Many,Many
Many,Many
Many,Many
Many,Many
Many,Many
Many,Many
Many,Many
Many,Many
Many,Many
Many,Many
Many,Many
Many,Many
Many,Many
Many,Many
Many,Many
Many,Many
Many,Many
Many,Many
Many,Many
Many,Many
1,1
1,1
1,1
1,1
1,1
1,1
1,1
1,1
1,1
1,1
1,1
1,1
2,2
2,2
2,2
2,2
2,2
2,2
2,2
2,2
2,2
2,2
2,2
2,2
ST3,3
ST3,3
ST3,3
ST3,3
ST3,3
ST3,3
ST3,3
ST3,3
ST3,3
ST3,3
ST3,3
ST3,3
Many,U5
Many,U5
Many,U5
Many,U5
Many,U5
Many,U5
Many,U5
Many,U5
Many,U5
Many,U5
Many,U5
Many,U5
Many,2
Many,2
Many,2
Many,2
Many,2
Many,2
Many,2
Many,2
Many,2
Many,2
Many,2
Many,2
Many,9
Many,9
Many,9
Many,9
Many,9
Many,9
Many,9
Many,9
Many,9
Many,9
Many,9
Many,9
1,1CT
1,1CT
1,1CT
1,1CT
1,1CT
1,1CT
1,1CT
1,1CT
1,1CT
1,1CT
1,1CT
1,1CT
2,2CT
2,2CT
2,2CT
2,2CT
2,2CT
2,2CT
2,2CT
2,2CT
2,2CT
2,2CT
2,2CT
2,2CT
3,3CT
3,3CT
3,3CT
3,3CT
3,3CT
3,3CT
3,3CT
3,3CT
3,3CT
3,3CT
3,3CT
3,3CT
4,4CT
4,4CT
4,4CT
4,4CT
4,4CT
4,4CT
4,4CT
4,4CT
4,4CT
4,4CT
4,4CT
4,4CT
Many,4
Many,4
Many,4
Many,4
Many,4
Many,4
Many,4
Many,4
Many,4
Many,4
Many,4
Many,4
Many,5
Many,5
Many,5
Many,5
Many,5
Many,5
Many,5
Many,5
Many,5
Many,5
Many,5
Many,5
Many,6
Many,6
Many,6
Many,6
Many,6
Many,6
Many,6
Many,6
Many,6
Many,6
Many,6
Many,6
6,Y6CS
6,Y6CS
6,Y6CS
6,Y6CS
6,Y6CS
6,Y6CS
6,Y6CS
6,Y6CS
6,Y6CS
6,Y6CS
6,Y6CS
6,Y6CS
7,Y7CS
7,Y7CS
7,Y7CS
7,Y7CS
7,Y7CS
7,Y7CS
7,Y7CS
7,Y7CS
7,Y7CS
7,Y7CS
7,Y7CS
7,Y7CS
Many,1-6
Many,1-6
Many,1-6
Many,1-6
Many,1-6
Many,1-6
Many,1-6
Many,1-6
Many,1-6
Many,1-6
Many,1-6
Many,1-6
Many,3
Many,3
Many,3
Many,3
Many,3
Many,3
Many,3
Many,3
Many,3
Many,3
Many,3
Many,3
Many,5
Many,5
Many,5
Many,5
Many,5
Many,5
Many,5
Many,5
Many,5
Many,5
Many,5
Many,5
Many,7
Many,7
Many,7
Many,7
Many,7
Many,7
Many,7
Many,7
Many,7
Many,7
Many,7
Many,7
Many,03
Many,03
Many,03
Many,03
Many,03
Many,03
Many,03
Many,03
Many,03
Many,03
Many,03
Many,03
Many,04
Many,04
Many,04
Many,04
Many,04
Many,04
Many,04
Many,04
Many,04
Many,04
Many,04
Many,04
Many,Many
Many,Many
Many,Many
Many,Many
Many,Many
Many,Many
Many,Many
Many,Many
Many,Many
Many,Many
Many,Many
Many,Many
6,6
6,6
6,6
6,6
6,6
6,6
Many,Many
Many,Many
Many,Many
Many,Many
Many,Many
Many,Many
Many,Many
Many,Many
Many,Many
Many,Many
Many,Many
Many,Many
5,5
5,5
5,5
5,5
5,5
5,5
5,5
5,5
5,5
5,5
5,5
5,5
6,6
6,6
6,6
6,6
6,6
6,6
6,6
6,6
6,6
6,6
6,6
6,6
Many,Many
Many,Many
Many,Many
Many,Many
Many,Many
Many,Many
Many,Many
Many,Many
Many,Many
Many,Many
Many,Many
Many,Many
Many,1
Many,1
Many,1
Many,1
Many,1
Many,1
Many,1
Many,1
Many,1
Many,1
Many,1
Many,1
3,33
3,33
3,33
3,33
3,33
3,33
3,33
3,33
3,33
3,33
3,33
3,33
4,41
4,41
4,41
4,41
4,41
4,41
4,41
4,41
4,41
4,41
4,41
4,41
Many,1-4
Many,1-4
Many,1-4
Many,1-4
Many,1-4
Many,1-4
Many,1-4
Many,1-4
Many,1-4
Many,1-4
Many,1-4
Many,1-4
Many,Many
Many,Many
Many,Many
Many,Many
Many,Many
Many,Many
Many,Many
Many,Many
Many,Many
Many,Many
Many,Many
Many,Many
5,50
5,50
5,50
5,50
5,50
5,50
5,50
5,50
5,50
5,50
5,50
5,50
6,60
6,60
6,60
6,60
6,60
6,60
6,60
6,60
6,60
6,60
6,60
6,60
7,70
7,70
7,70
7,70
7,70
7,70
7,70
7,70
7,70
7,70
7,70
7,70
Many,ECT1
Many,ECT1
Many,ECT1
Many,ECT1
Many,ECT1
Many,ECT1
Many,ECT1
Many,ECT1
Many,ECT1
Many,ECT1
Many,ECT1
Many,ECT1
ST2,2
ST2,2
ST2,2
ST2,2
ST2,2
ST2,2
ST3,3
ST3,3
ST3,3
ST3,3
ST3,3
ST3,3
ST3,3
ST3,3
ST3,3
ST3,3
ST3,3
ST3,3
4,4
4,4
4,4
4,4
4,4
4,4
4,4
4,4
4,4
4,4
4,4
4,4
12,12
12,12
12,12
12,12
12,12
12,12
12,12
12,12
12,12
12,12
12,12
12,12
Many,Many
Many,Many
Many,Many
Many,Many
Many,Many
Many,Many
Many,Many
Many,Many
Many,Many
Many,Many
Many,Many
Many,Many
Many,CTWR
Many,CTWR
Many,CTWR
Many,CTWR
Many,CTWR
Many,CTWR
Many,CTWR
Many,CTWR
Many,CTWR
Many,CTWR
Many,CTWR
Many,CTWR
Many,Many
Many,Many
Many,Many
Many,Many
Many,Many
Many,Many
Many,Many
Many,Many
Many,Many
Many,Many
Many,Many
Many,Many
2,2
2,2
2,2
2,2
2,2
2,2
2,2
2,2
2,2
2,2
2,2
2,2
3,3
3,3
3,3
3,3
3,3
3,3
3,3
3,3
3,3
3,3
3,3
3,3
4,4
4,4
4,4
4,4
4,4
4,4
3,2
3,2
3,2
3,2
3,2
3,2
3,2
3,2
3,2
3,2
3,2
3,2
4,3
4,3
4,3
4,3
4,3
4,3
4,3
4,3
4,3
4,3
4,3
4,3
3,3
3,3
3,3
3,3
3,3
3,3
3,3
3,3
3,3
3,3
3,3
3,3
4,4
4,4
4,4
4,4
4,4
4,4
4,4
4,4
4,4
4,4
4,4
4,4
3,3
3,3
3,3
3,3
3,3
3,3
3,3
3,3
3,3
3,3
3,3
3,3
1,1
1,1
1,1
1,1
1,1
1,1
1,1
1,1
1,1
1,1
1,1
1,1
7,7
7,7
7,7
7,7
7,7
7,7
7,7
7,7
7,7
7,7
7,7
7,7
8,8
8,8
8,8
8,8
8,8
8,8
8,8
8,8
8,8
8,8
8,8
8,8
7,7
7,7
7,7
7,7
7,7
7,7
7,7
7,7
7,7
7,7
7,7
7,7
9,9
9,9
9,9
9,9
9,9
9,9
9,9
9,9
9,9
9,9
9,9
9,9
Many,8
Many,8
Many,8
Many,8
Many,8
Many,8
Many,8
Many,8
Many,8
Many,8
Many,8
Many,8
4,4
4,4
4,4
4,4
4,4
4,4
4,4
4,4
4,4
4,4
4,4
4,4
Many,HRC
Many,HRC
Many,HRC
Many,HRC
Many,HRC
Many,HRC
Many,HRC
Many,HRC
Many,HRC
Many,HRC
Many,HRC
Many,HRC
1,1
1,1
1,1
1,1
1,1
1,1
1,1
1,1
1,1
1,1
1,1
1,1
2,2
2,2
2,2
2,2
2,2
2,2
2,2
2,2
2,2
2,2
2,2
2,2
Many,Many
Many,Many
Many,Many
Many,Many
Many,Many
Many,Many
Many,Many
Many,Many
Many,Many
Many,Many
Many,Many
Many,Many
Many,1
Many,1
Many,1
Many,1
Many,1
Many,1
Many,1
Many,1
Many,1
Many,1
Many,1
Many,1
S2,S-2A
S2,S-2A
S2,S-2A
S2,S-2A
S2,S-2A
S2,S-2A
S2,S-2A
S2,S-2A
S2,S-2A
S2,S-2A
S2,S-2A
S2,S-2A
1,U1CT
1,U1CT
1,U1CT
1,U1CT
1,U1CT
1,U1CT
1,U1CT
1,U1CT
1,U1CT
1,U1CT
1,U1CT
1,U1CT
3,3
3,3
3,3
3,3
3,3
3,3
3,3
3,3
3,3
3,3
3,3
3,3
Many,Many
Many,Many
Many,Many
Many,Many
Many,Many
Many,Many
Many,Many
Many,Many
Many,Many
Many,Many
Many,Many
Many,Many
Many,7
Many,7
Many,7
Many,7
Many,7
Many,7
Many,7
Many,7
Many,7
Many,7
Many,7
Many,7
1,1
1,1
1,1
1,1
1,1
1,1
1,1
1,1
1,1
1,1
1,1
1,1
2,2
2,2
2,2
2,2
2,2
2,2
2,2
2,2
2,2
2,2
2,2
2,2
3,3
3,3
3,3
3,3
3,3
3,3
3,3
3,3
3,3
3,3
3,3
3,3
4,4
4,4
4,4
4,4
4,4
4,4
4,4
4,4
4,4
4,4
4,4
4,4
Many,CWS
Many,CWS
Many,CWS
Many,CWS
Many,CWS
Many,CWS
Many,CWS
Many,CWS
Many,CWS
Many,CWS
Many,CWS
Many,CWS
Many,1
Many,1
Many,1
Many,1
Many,1
Many,1
Many,1
Many,1
Many,1
Many,1
Many,1
Many,1
Many,Many
Many,Many
Many,Many
Many,Many
Many,Many
Many,Many
Many,Many
Many,Many
Many,Many
Many,Many
Many,Many
Many,Many
12,4
12,4
12,4
12,4
12,4
12,4
12,4
12,4
12,4
12,4
12,4
12,4
Many,3
Many,3
Many,3
Many,3
Many,3
Many,3
Many,3
Many,3
Many,3
Many,3
Many,3
Many,3
1,1
1,1
1,1
1,1
1,1
1,1
1,1
1,1
1,1
1,1
1,1
1,1
2,2
2,2
2,2
2,2
2,2
2,2
2,2
2,2
2,2
2,2
2,2
2,2
4,4
4,4
4,4
4,4
4,4
4,4
4,4
4,4
4,4
4,4
4,4
4,4
6,6
6,6
6,6
6,6
6,6
6,6
6,6
6,6
6,6
6,6
6,6
6,6
Many,6
Many,6
Many,6
Many,6
Many,6
Many,6
Many,6
Many,6
Many,6
Many,6
Many,6
Many,6
Many,7
Many,7
Many,7
Many,7
Many,7
Many,7
Many,7
Many,7
Many,7
Many,7
Many,7
Many,7
3,3
3,3
3,3
3,3
3,3
3,3
3,3
3,3
3,3
3,3
3,3
3,3
2,2
2,2
2,2
2,2
2,2
2,2
2,2
2,2
2,2
2,2
2,2
2,2
3,3
3,3
3,3
3,3
3,3
3,3
3,3
3,3
3,3
3,3
3,3
3,3
Many,60CWS
Many,60CWS
Many,60CWS
Many,60CWS
Many,60CWS
Many,60CWS
Many,60CWS
Many,60CWS
Many,60CWS
Many,60CWS
Many,60CWS
Many,60CWS
Many,Many
Many,Many
Many,Many
Many,Many
Many,Many
Many,Many
Many,Many
Many,Many
Many,Many
Many,Many
Many,Many
Many,Many
5,CW
5,CW
5,CW
5,CW
5,CW
5,CW
5,CW
5,CW
5,CW
5,CW
5,CW
5,CW
Many,CW
Many,CW
Many,CW
Many,CW
Many,CW
Many,CW
Many,CW
Many,CW
Many,CW
Many,CW
Many,CW
Many,CW
1,1C1
1,1C1
1,1C1
1,1C1
1,1C1
1,1C1
1,1C1
1,1C1
1,1C1
1,1C1
1,1C1
1,1C1
2,1C2
2,1C2
2,1C2
2,1C2
2,1C2
2,1C2
2,1C2
2,1C2
2,1C2
2,1C2
2,1C2
2,1C2
1,1
1,1
1,1
1,1
1,1
1,1
1,1
1,1
1,1
1,1
1,1
1,1
2,2
2,2
2,2
2,2
2,2
2,2
2,2
2,2
2,2
2,2
2,2
2,2
3,3
3,3
3,3
3,3
3,3
3,3
3,3
3,3
3,3
3,3
3,3
3,3
4,4
4,4
4,4
4,4
4,4
4,4
4,4
4,4
4,4
4,4
4,4
4,4
1,1
1,1
1,1
1,1
1,1
1,1
1,1
1,1
1,1
1,1
1,1
1,1
3,3
3,3
3,3
3,3
3,3
3,3
3,3
3,3
3,3
3,3
3,3
3,3
4,4
4,4
4,4
4,4
4,4
4,4
4,4
4,4
4,4
4,4
4,4
4,4
8,8
8,8
8,8
8,8
8,8
8,8
8,8
8,8
8,8
8,8
8,8
8,8
3,3
3,3
3,3
3,3
3,3
3,3
3,3
3,3
3,3
3,3
3,3
3,3
4,4
4,4
4,4
4,4
4,4
4,4
4,4
4,4
4,4
4,4
4,4
4,4
Many,85
Many,85
Many,85
Many,85
Many,85
Many,85
Many,85
Many,85
Many,85
Many,85
Many,85
Many,85
Many,96
Many,96
Many,96
Many,96
Many,96
Many,96
Many,96
Many,96
Many,96
Many,96
Many,96
Many,96
1,1
1,1
1,1
1,1
1,1
1,1
1,1
1,1
1,1
1,1
1,1
1,1
2,2
2,2
2,2
2,2
2,2
2,2
2,2
2,2
2,2
2,2
2,2
2,2
Many,9
Many,9
Many,9
Many,9
Many,9
Many,9
Many,9
Many,9
Many,9
Many,9
Many,9
Many,9
Many,1
Many,1
Many,1
Many,1
Many,1
Many,3
Many,3
Many,3
Many,3
Many,3
Many,3
Many,3
Many,3
Many,3
Many,3
Many,3
Many,3
Many,Many
Many,Many
Many,Many
Many,Many
Many,Many
Many,Many
Many,Many
Many,Many
Many,Many
Many,Many
Many,Many
Many,Many
2,N71
2,N71
2,N71
2,N71
2,N71
2,N71
2,N71
2,N71
2,N71
2,N71
2,N71
2,N71
Many,Many
Many,Many
Many,Many
Many,Many
Many,Many
Many,Many
Many,Many
Many,Many
Many,Many
Many,Many
Many,Many
Many,Many
Many,CS1
Many,CS1
Many,CS1
Many,CS1
Many,CS1
Many,CS1
Many,CS1
Many,CS1
Many,CS1
Many,CS1
Many,CS1
Many,CS1
3,CS3
3,CS3
3,CS3
3,CS3
3,CS3
3,CS3
3,CS3
3,CS3
3,CS3
3,CS3
3,CS3
3,CS3
4,CS4
4,CS4
4,CS4
4,CS4
4,CS4
4,CS4
4,CS4
4,CS4
4,CS4
4,CS4
4,CS4
4,CS4
Many,1
Many,1
Many,1
Many,1
Many,1
Many,1
Many,1
Many,1
Many,1
Many,1
Many,1
Many,1
Many,9
Many,9
Many,9
Many,9
Many,9
Many,9
Many,9
Many,9
Many,9
Many,9
Many,9
Many,9
1,1
1,1
1,1
1,1
1,1
1,1
1,1
1,1
1,1
1,1
1,1
1,1
1,CS1
1,CS1
1,CS1
1,CS1
1,CS1
1,CS1
1,CS1
1,CS1
1,CS1
1,CS1
1,CS1
1,CS1
Many,0
Many,0
Many,0
Many,0
Many,0
Many,0
Many,0
Many,0
Many,0
Many,0
Many,0
Many,0
Many,200
Many,200
Many,200
Many,200
Many,200
Many,200
Many,200
Many,200
Many,200
Many,200
Many,200
Many,200
5,CT
5,CT
5,CT
5,CT
5,CT
5,CT
5,CT
5,CT
5,CT
5,CT
5,CT
5,CT
4,OTCW
4,OTCW
4,OTCW
4,OTCW
4,OTCW
4,OTCW
4,OTCW
4,OTCW
4,OTCW
4,OTCW
4,OTCW
4,OTCW
1,1
1,1
1,1
Many,A
Many,A
Many,A
Many,A
Many,A
Many,A
Many,A
Many,A
Many,A
Many,A
Many,A
Many,A
5,5
5,5
5,5
5,5
5,5
5,5
5,5
5,5
5,5
5,5
5,5
5,5
Many,9
Many,9
Many,9
Many,9
Many,9
Many,9
Many,9
Many,9
Many,9
Many,9
Many,9
Many,9
4,4
4,4
4,4
4,4
4,4
4,4
4,4
4,4
4,4
4,4
4,4
4,4
Many,Many
Many,Many
Many,Many
Many,Many
Many,Many
Many,Many
Many,Many
Many,Many
Many,Many
Many,Many
Many,Many
Many,Many
1,1
1,1
1,1
1,1
1,1
1,1
1,1
1,1
1,1
1,1
1,1
1,1
2,2
2,2
2,2
2,2
2,2
2,2
2,2
2,2
2,2
2,2
2,2
2,2
3,3
3,3
3,3
3,3
3,3
3,3
3,3
3,3
3,3
3,3
3,3
3,3
4,4
4,4
4,4
4,4
4,4
4,4
4,4
4,4
4,4
4,4
4,4
4,4
1,1
1,1
1,1
1,1
1,1
1,1
1,1
1,1
1,1
1,1
1,1
1,1
2,2
2,2
2,2
2,2
2,2
2,2
2,2
2,2
2,2
2,2
2,2
2,2
1,1
1,1
1,1
1,1
1,1
1,1
1,1
1,1
1,1
1,1
1,1
1,1
2,2
2,2
2,2
2,2
2,2
2,2
2,2
2,2
2,2
2,2
2,2
2,2
3,CW3
3,CW3
3,CW3
3,CW3
3,CW3
3,CW3
3,CW3
3,CW3
3,CW3
3,CW3
3,CW3
3,CW3
Many,CW12
Many,CW12
Many,CW12
Many,CW12
Many,CW12
Many,CW12
Many,CW12
Many,CW12
Many,CW12
Many,CW12
Many,CW12
Many,CW12
1,1
1,1
1,1
1,1
1,1
1,1
1,1
1,1
1,1
1,1
1,1
1,1
6,6
6,6
6,6
6,6
6,6
6,6
6,6
6,6
6,6
6,6
6,6
6,6
7,7
7,7
7,7
7,7
7,7
7,7
7,7
7,7
7,7
7,7
7,7
7,7
8,8
8,8
8,8
8,8
8,8
8,8
8,8
8,8
8,8
8,8
8,8
8,8
1,1
1,1
1,1
1,1
1,1
1,1
1,1
1,1
1,1
1,1
1,1
1,1
2,2
2,2
2,2
2,2
2,2
2,2
2,2
2,2
2,2
2,2
2,2
2,2
1,1
1,1
1,1
1,1
1,1
1,1
1,1
1,1
1,1
1,1
1,1
1,1
2,2
2,2
2,2
2,2
2,2
2,2
2,2
2,2
2,2
2,2
2,2
2,2
3,3
3,3
3,3
3,3
3,3
3,3
3,3
3,3
3,3
3,3
3,3
3,3
4,4
4,4
4,4
4,4
4,4
4,4
4,4
4,4
4,4
4,4
4,4
4,4
5,5
5,5
5,5
5,5
5,5
5,5
5,5
5,5
5,5
5,5
5,5
5,5
Many,10
Many,10
Many,10
Many,10
Many,10
Many,10
Many,10
Many,10
Many,10
Many,10
Many,10
Many,10
Many,9
Many,9
Many,9
Many,9
Many,9
Many,9
Many,9
Many,9
Many,9
Many,9
Many,9
Many,9
Many,1
Many,1
Many,1
Many,1
Many,1
Many,1
Many,1
Many,1
Many,1
Many,1
Many,1
Many,1
Many,ACC1
Many,ACC1
Many,ACC1
Many,ACC1
Many,ACC1
Many,ACC1
Many,ACC1
Many,ACC1
Many,ACC1
Many,ACC1
Many,ACC1
Many,ACC1
Many,Many
Many,Many
Many,Many
Many,Many
Many,Many
Many,Many
Many,Many
Many,Many
Many,Many
Many,Many
Many,Many
Many,Many
1,1
1,1
1,1
1,1
1,1
1,1
1,1
1,1
1,1
1,1
1,1
1,1
2,2
2,2
2,2
2,2
2,2
2,2
2,2
2,2
2,2
2,2
2,2
2,2
4,4
4,4
4,4
4,4
4,4
4,4
4,4
4,4
4,4
4,4
4,4
4,4
5,5
5,5
5,5
5,5
5,5
5,5
5,5
5,5
5,5
5,5
5,5
5,5
6,6
6,6
6,6
6,6
6,6
6,6
6,6
6,6
6,6
6,6
6,6
6,6
Many,1
Many,1
Many,1
Many,1
Many,1
Many,1
Many,1
Many,1
Many,1
Many,1
Many,1
Many,1
Many,Many
Many,Many
Many,Many
Many,Many
Many,Many
Many,Many
Many,Many
Many,Many
Many,Many
Many,Many
Many,Many
Many,Many
Many,Many
Many,Many
Many,Many
Many,Many
Many,Many
Many,Many
Many,Many
Many,Many
Many,Many
Many,Many
Many,Many
Many,Many
1,NSS1
1,NSS1
1,NSS1
1,NSS1
1,NSS1
1,NSS1
1,NSS1
1,NSS1
1,NSS1
1,NSS1
1,NSS1
1,NSS1
2,NSS2
2,NSS2
2,NSS2
2,NSS2
2,NSS2
2,NSS2
2,NSS2
2,NSS2
2,NSS2
2,NSS2
2,NSS2
2,NSS2
Many,COOL7
Many,COOL7
Many,COOL7
Many,COOL7
Many,COOL7
Many,COOL7
Many,COOL7
Many,COOL7
Many,COOL7
Many,COOL7
Many,COOL7
Many,COOL7
4,4
4,4
4,4
4,4
4,4
4,4
4,4
4,4
4,4
4,4
4,4
4,4
5,5
5,5
5,5
5,5
5,5
5,5
5,5
5,5
5,5
5,5
5,5
5,5
6,6
6,6
6,6
6,6
6,6
6,6
6,6
6,6
6,6
6,6
6,6
6,6
7,7
7,7
7,7
7,7
7,7
7,7
7,7
7,7
7,7
7,7
7,7
7,7
8,8
8,8
8,8
8,8
8,8
8,8
8,8
8,8
8,8
8,8
8,8
8,8
1,051C
1,051C
1,051C
1,051C
1,051C
1,051C
1,051C
1,051C
1,051C
1,051C
1,051C
1,051C
1,1
1,1
1,1
1,1
1,1
1,1
1,1
1,1
1,1
1,1
1,1
1,1
2,2
2,2
2,2
2,2
2,2
2,2
2,2
2,2
2,2
2,2
2,2
2,2
3,3
3,3
3,3
3,3
3,3
3,3
3,3
3,3
3,3
3,3
3,3
3,3
2,Many
2,Many
2,Many
2,Many
2,Many
2,Many
2,Many
2,Many
2,Many
2,Many
2,Many
2,Many
1,1
1,1
1,1
1,1
1,1
1,1
1,1
1,1
1,1
1,1
1,1
1,1
2,2
2,2
2,2
2,2
2,2
2,2
2,2
2,2
2,2
2,2
2,2
2,2
3,3
3,3
3,3
3,3
3,3
3,3
3,3
3,3
3,3
3,3
3,3
3,3
4,4
4,4
4,4
4,4
4,4
4,4
4,4
4,4
4,4
4,4
4,4
4,4
2,2
2,2
2,2
2,2
2,2
2,2
2,2
2,2
2,2
2,2
2,2
2,2
3,3
3,3
3,3
3,3
3,3
3,3
3,3
3,3
3,3
3,3
3,3
3,3
6,6
6,6
6,6
6,6
6,6
6,6
6,6
6,6
6,6
6,6
6,6
6,6
7,7
7,7
7,7
7,7
7,7
7,7
7,7
7,7
7,7
7,7
7,7
7,7
1,1
1,1
1,1
1,1
1,1
1,1
1,1
1,1
1,1
1,1
1,1
1,1
2,2
2,2
2,2
2,2
2,2
2,2
2,2
2,2
2,2
2,2
2,2
2,2
3,3
3,3
3,3
3,3
3,3
3,3
3,3
3,3
3,3
3,3
3,3
3,3
Many,4
Many,4
Many,4
Many,4
Many,4
Many,4
Many,4
Many,4
Many,4
Many,4
Many,4
Many,4
ST1,1
ST1,1
ST1,1
ST1,1
ST1,1
ST1,1
ST1,1
ST1,1
ST1,1
ST1,1
ST1,1
ST1,1
ST2,2
ST2,2
ST2,2
ST2,2
ST2,2
ST2,2
ST2,2
ST2,2
ST2,2
ST2,2
ST2,2
ST2,2
ST1,1
ST1,1
ST1,1
ST1,1
ST1,1
ST1,1
ST1,1
ST1,1
ST1,1
ST1,1
ST1,1
ST1,1
2,2
2,2
2,2
2,2
2,2
2,2
2,2
2,2
2,2
2,2
2,2
2,2
3,3
3,3
3,3
3,3
3,3
3,3
3,3
3,3
3,3
3,3
3,3
3,3
4,4
4,4
4,4
4,4
4,4
4,4
4,4
4,4
4,4
4,4
4,4
4,4
3,3
3,3
3,3
3,3
3,3
3,3
3,3
3,3
3,3
3,3
3,3
3,3
4,4
4,4
4,4
4,4
4,4
4,4
4,4
4,4
4,4
4,4
4,4
4,4
4,4
4,4
4,4
4,4
4,4
4,4
4,4
4,4
4,4
4,4
4,4
4,4
Many,1
Many,1
Many,1
Many,1
Many,1
Many,1
Many,1
Many,1
Many,1
Many,1
Many,1
Many,1
1,U1
1,U1
1,U1
1,U1
1,U1
1,U1
1,U1
1,U1
1,U1
1,U1
1,U1
1,U1
2,U2
2,U2
2,U2
2,U2
2,U2
2,U2
2,U2
2,U2
2,U2
2,U2
2,U2
2,U2
ST5,5
ST5,5
ST5,5
ST5,5
ST5,5
ST5,5
ST5,5
ST5,5
ST5,5
ST5,5
ST5,5
ST5,5
ST6,6
ST6,6
ST6,6
ST6,6
ST6,6
ST6,6
ST6,6
ST6,6
ST6,6
ST6,6
ST6,6
ST6,6
1,1
1,1
1,1
1,1
1,1
1,1
1,1
1,1
1,1
1,1
1,1
1,1
2,2
2,2
2,2
2,2
2,2
2,2
2,2
2,2
2,2
2,2
2,2
2,2
Many,Many
Many,Many
Many,Many
Many,Many
Many,Many
Many,Many
Many,Many
Many,Many
Many,Many
Many,Many
Many,Many
Many,Many
Many,Many
Many,Many
Many,Many
Many,Many
Many,Many
Many,Many
Many,Many
Many,Many
Many,Many
Many,Many
Many,Many
Many,Many
1,1
1,1
1,1
1,1
1,1
1,1
1,1
1,1
1,1
1,1
1,1
1,1
2,2
2,2
2,2
2,2
2,2
2,2
2,2
2,2
2,2
2,2
2,2
2,2
3,3
3,3
3,3
3,3
3,3
3,3
3,3
3,3
3,3
3,3
3,3
3,3
4,4
4,4
4,4
4,4
4,4
4,4
4,4
4,4
4,4
4,4
4,4
4,4
1,1
1,1
1,1
1,1
1,1
1,1
1,1
1,1
1,1
1,1
1,1
1,1
5,5
5,5
5,5
5,5
5,5
5,5
5,5
5,5
5,5
5,5
5,5
5,5
Many,10
Many,10
Many,10
Many,10
Many,10
Many,10
Many,10
Many,10
Many,10
Many,10
Many,10
Many,10
5,5
5,5
5,5
5,5
5,5
5,5
5,5
5,5
5,5
5,5
5,5
5,5
6,6
6,6
6,6
6,6
6,6
6,6
6,6
6,6
6,6
6,6
6,6
6,6
Many,7
Many,7
Many,7
Many,7
Many,7
Many,7
Many,7
Many,7
Many,7
Many,7
Many,7
Many,7
1,1
1,1
1,1
1,1
1,1
1,1
1,1
1,1
1,1
1,1
1,1
1,1
2,2
2,2
2,2
2,2
2,2
2,2
2,2
2,2
2,2
2,2
2,2
2,2
3,3
3,3
3,3
3,3
3,3
3,3
3,3
3,3
3,3
3,3
3,3
3,3
4,4
4,4
4,4
4,4
4,4
4,4
4,4
4,4
4,4
4,4
4,4
4,4
1,1
1,1
1,1
1,1
1,1
1,1
1,1
1,1
1,1
1,1
1,1
1,1
2,2
2,2
2,2
2,2
2,2
2,2
2,2
2,2
2,2
2,2
2,2
2,2
1,CS1
1,CS1
1,CS1
1,CS1
1,CS1
1,CS1
1,CS1
1,CS1
1,CS1
1,CS1
1,CS1
1,CS1
2,CS2
2,CS2
2,CS2
2,CS2
2,CS2
2,CS2
2,CS2
2,CS2
2,CS2
2,CS2
2,CS2
2,CS2
1,1
1,1
1,1
1,1
1,1
1,1
1,1
1,1
1,1
1,1
1,1
1,1
2,2
2,2
2,2
2,2
2,2
2,2
2,2
2,2
2,2
2,2
2,2
2,2
3,3
3,3
3,3
3,3
3,3
3,3
3,3
3,3
3,3
3,3
3,3
3,3
Many,Many
Many,Many
Many,Many
Many,Many
Many,Many
Many,Many
Many,Many
Many,Many
Many,Many
Many,Many
Many,Many
Many,Many
5,5
5,5
5,5
5,5
5,5
6,6
6,6
6,6
6,6
6,6
7,7
7,7
7,7
7,7
7,7
Many,Many
Many,Many
Many,Many
Many,Many
Many,Many
Many,Many
Many,Many
Many,Many
Many,Many
Many,Many
Many,Many
Many,Many
1,BSCS
1,BSCS
1,BSCS
1,BSCS
1,BSCS
1,BSCS
1,BSCS
1,BSCS
1,BSCS
1,BSCS
1,BSCS
1,BSCS
8,8CT
8,8CT
8,8CT
8,8CT
8,8CT
8,8CT
8,8CT
8,8CT
8,8CT
8,8CT
8,8CT
8,8CT
Many,CP
Many,CP
Many,CP
Many,CP
Many,CP
Many,CP
Many,CP
Many,CP
Many,CP
Many,CP
Many,CP
Many,CP
4,4CT
4,4CT
4,4CT
4,4CT
4,4CT
4,4CT
4,4CT
4,4CT
4,4CT
4,4CT
4,4CT
4,4CT
5,5CT
5,5CT
5,5CT
5,5CT
5,5CT
5,5CT
5,5CT
5,5CT
5,5CT
5,5CT
5,5CT
5,5CT
6,6CT
6,6CT
6,6CT
6,6CT
6,6CT
6,6CT
6,6CT
6,6CT
6,6CT
6,6CT
6,6CT
6,6CT
Many,CP
Many,CP
Many,CP
Many,CP
Many,CP
Many,CP
Many,CP
Many,CP
Many,CP
Many,CP
Many,CP
Many,CP
Many,Many
Many,Many
Many,Many
Many,Many
Many,Many
Many,Many
Many,Many
Many,Many
Many,Many
Many,Many
Many,Many
Many,Many
2,8002
2,8002
2,8002
2,8002
2,8002
2,8002
2,8002
2,8002
2,8002
2,8002
2,8002
2,8002
3,8003
3,8003
3,8003
3,8003
3,8003
3,8003
3,8003
3,8003
3,8003
3,8003
3,8003
3,8003
1,8001
1,8001
1,8001
1,8001
1,8001
1,8001
1,8001
1,8001
1,8001
1,8001
1,8001
1,8001
2,1402
2,1402
2,1402
2,1402
2,1402
2,1402
2,1402
2,1402
2,1402
2,1402
2,1402
2,1402
4,1404
4,1404
4,1404
4,1404
4,1404
4,1404
4,1404
4,1404
4,1404
4,1404
4,1404
4,1404
1,1
1,1
1,1
1,1
1,1
1,1
1,1
1,1
1,1
1,1
1,1
1,1
2,2
2,2
2,2
2,2
2,2
2,2
2,2
2,2
2,2
2,2
2,2
2,2
3,3
3,3
3,3
3,3
3,3
3,3
3,3
3,3
3,3
3,3
3,3
3,3
Many,4
Many,4
Many,4
Many,4
Many,4
Many,4
Many,4
Many,4
Many,4
Many,4
Many,4
Many,4
Many,Many
Many,Many
Many,Many
Many,Many
Many,Many
Many,Many
Many,Many
Many,Many
Many,Many
Many,Many
Many,Many
Many,Many
Many,CW
Many,CW
Many,CW
Many,CW
Many,CW
Many,CW
Many,CW
Many,CW
Many,CW
Many,CW
Many,CW
Many,CW
1,1
1,1
1,1
1,1
1,1
1,1
1,1
1,1
1,1
1,1
1,1
1,1
2,2
2,2
2,2
2,2
2,2
2,2
2,2
2,2
2,2
2,2
2,2
2,2
1,Many
1,Many
1,Many
1,Many
Many,Many
Many,Many
Many,Many
Many,Many
Many,Many
Many,Many
Many,Many
Many,Many
FB1,1
FB1,1
FB1,1
FB1,1
FB1,1
FB1,1
FB1,1
FB1,1
FB1,1
FB1,1
FB1,1
FB1,1
Many,1
Many,1
Many,1
Many,1
Many,1
Many,1
Many,1
Many,1
Many,1
Many,1
Many,1
Many,1
1,1
1,1
1,1
1,1
1,1
1,1
1,1
1,1
1,1
1,1
1,1
1,1
2,2
2,2
2,2
2,2
2,2
2,2
2,2
2,2
2,2
2,2
2,2
2,2
1,1
1,1
1,1
1,1
1,1
1,1
1,1
1,1
1,1
1,1
1,1
1,1
2,2
2,2
2,2
2,2
2,2
2,2
2,2
2,2
2,2
2,2
2,2
2,2
3,3
3,3
3,3
3,3
3,3
3,3
3,3
3,3
3,3
3,3
3,3
3,3
3,3
3,3
3,3
3,3
3,3
3,3
3,3
3,3
3,3
3,3
3,3
3,3
4,4
4,4
4,4
4,4
4,4
4,4
4,4
4,4
4,4
4,4
4,4
4,4
1,1
1,1
1,1
1,1
1,1
1,1
1,1
1,1
1,1
1,1
1,1
1,1
2,2
2,2
2,2
2,2
2,2
2,2
2,2
2,2
2,2
2,2
2,2
2,2
3,3
3,3
3,3
3,3
3,3
3,3
3,3
3,3
3,3
3,3
3,3
3,3
4,4
4,4
4,4
4,4
4,4
4,4
4,4
4,4
4,4
4,4
4,4
4,4
Many,Many
Many,Many
Many,Many
Many,Many
Many,Many
Many,Many
Many,Many
Many,Many
Many,Many
Many,Many
Many,Many
Many,Many
Many,10
Many,10
Many,10
Many,10
Many,10
Many,10
Many,10
Many,10
Many,10
Many,10
Many,10
Many,10
Many,11
Many,11
Many,11
Many,11
Many,11
Many,11
Many,11
Many,11
Many,11
Many,11
Many,11
Many,11
Many,9
Many,9
Many,9
Many,9
Many,9
Many,9
Many,9
Many,9
Many,9
Many,9
Many,9
Many,9
2,Many
2,Many
2,Many
2,Many
2,Many
2,Many
2,Many
2,Many
2,Many
2,Many
2,Many
2,Many
Many,CW
Many,CW
Many,CW
Many,CW
Many,CW
Many,CW
Many,CW
Many,CW
Many,CW
Many,CW
Many,CW
Many,CW
1,1CCW
1,1CCW
1,1CCW
1,1CCW
1,1CCW
1,1CCW
1,1CCW
1,1CCW
1,1CCW
1,1CCW
1,1CCW
1,1CCW
2,2CCW
2,2CCW
2,2CCW
2,2CCW
2,2CCW
2,2CCW
2,2CCW
2,2CCW
2,2CCW
2,2CCW
2,2CCW
2,2CCW
3,3CCW
3,3CCW
3,3CCW
3,3CCW
3,3CCW
3,3CCW
3,3CCW
3,3CCW
3,3CCW
3,3CCW
3,3CCW
3,3CCW
Many,MCM1
Many,MCM1
Many,MCM1
Many,MCM1
Many,MCM1
Many,MCM1
Many,MCM1
Many,MCM1
Many,MCM1
Many,MCM1
Many,MCM1
Many,MCM1
Many,URQ1
Many,URQ1
Many,URQ1
Many,URQ1
Many,URQ1
Many,URQ1
Many,URQ1
Many,URQ1
Many,URQ1
Many,URQ1
Many,URQ1
Many,URQ1
1,WAT1
1,WAT1
1,WAT1
1,WAT1
1,WAT1
1,WAT1
1,WAT1
1,WAT1
1,WAT1
1,WAT1
1,WAT1
1,WAT1
2,WAT2
2,WAT2
2,WAT2
2,WAT2
2,WAT2
2,WAT2
2,WAT2
2,WAT2
2,WAT2
2,WAT2
2,WAT2
2,WAT2
ST1,WIL1
ST1,WIL1
ST1,WIL1
ST1,WIL1
ST1,WIL1
ST1,WIL1
ST1,WIL1
ST1,WIL1
ST1,WIL1
ST1,WIL1
ST1,WIL1
ST1,WIL1
Many,COOLH
Many,COOLH
Many,COOLH
Many,COOLH
Many,COOLH
Many,COOLH
Many,COOLH
Many,COOLH
Many,COOLH
Many,COOLH
Many,COOLH
Many,COOLH
1,1
1,1
1,1
1,1
1,1
1,1
1,1
1,1
1,1
Many,1
Many,1
Many,1
Many,1
Many,1
Many,1
Many,1
Many,1
Many,1
Many,1
Many,1
Many,1
Many,1
Many,1
Many,1
Many,1
Many,1
Many,1
Many,1
Many,1
Many,1
Many,1
Many,1
Many,1
Many,2
Many,2
Many,2
Many,2
Many,2
Many,2
Many,2
Many,2
Many,2
Many,2
Many,2
Many,2
Many,1
Many,1
Many,1
Many,1
Many,1
Many,1
Many,1
Many,1
Many,1
Many,1
Many,1
Many,1
Many,7
Many,7
Many,7
Many,7
Many,7
Many,7
Many,7
Many,7
Many,7
Many,7
Many,7
Many,7
Many,Many
Many,Many
Many,Many
Many,Many
Many,Many
Many,Many
Many,Many
Many,Many
Many,Many
Many,Many
Many,Many
Many,Many
Many,1
Many,1
Many,1
Many,1
Many,1
Many,1
Many,1
Many,1
Many,1
Many,1
Many,1
Many,1
Many,1
Many,1
Many,1
Many,1
Many,1
Many,1
Many,1
Many,1
Many,1
Many,1
Many,1
Many,1
1,1
1,1
1,1
1,1
1,1
1,1
1,1
1,1
1,1
1,1
1,1
1,1
2,2
2,2
2,2
2,2
2,2
2,2
2,2
2,2
2,2
2,2
2,2
2,2
3,3
3,3
3,3
3,3
3,3
3,3
3,3
3,3
3,3
3,3
3,3
3,3
Many,4
Many,4
Many,4
Many,4
Many,4
Many,4
Many,4
Many,4
Many,4
Many,4
Many,4
Many,4
Many,CT5
Many,CT5
Many,CT5
Many,CT5
Many,CT5
Many,CT5
Many,CT5
Many,CT5
Many,CT5
Many,CT5
Many,CT5
Many,CT5
Many,1
Many,1
Many,1
Many,1
Many,1
Many,1
Many,1
Many,1
Many,1
Many,1
Many,1
Many,1
1,1
1,1
1,1
1,1
1,1
1,1
1,1
1,1
1,1
1,1
1,1
1,1
3,3
3,3
3,3
3,3
3,3
3,3
3,3
3,3
3,3
3,3
3,3
3,3
4,4
4,4
4,4
4,4
4,4
4,4
4,4
4,4
4,4
4,4
4,4
4,4
5,Many
5,Many
5,Many
5,Many
5,Many
5,Many
5,Many
5,Many
5,Many
5,Many
5,Many
5,Many
Many,Many
Many,Many
Many,Many
Many,Many
Many,Many
Many,Many
Many,Many
Many,Many
Many,Many
Many,Many
Many,Many
Many,Many
Many,C2
Many,C2
Many,C2
Many,C2
Many,C2
Many,C2
Many,C2
Many,C2
Many,C2
Many,C2
Many,C2
Many,C2
1,C1
1,C1
1,C1
1,C1
1,C1
1,C1
1,C1
1,C1
1,C1
1,C1
1,C1
1,C1
2,C2
2,C2
2,C2
2,C2
2,C2
2,C2
2,C2
2,C2
2,C2
2,C2
2,C2
2,C2
3,C3
3,C3
3,C3
3,C3
3,C3
3,C3
3,C3
3,C3
3,C3
3,C3
3,C3
3,C3
4,C4
4,C4
4,C4
4,C4
4,C4
4,C4
4,C4
4,C4
4,C4
4,C4
4,C4
4,C4
5,C5
5,C5
5,C5
5,C5
5,C5
5,C5
5,C5
5,C5
5,C5
5,C5
5,C5
5,C5
6,C6
6,C6
6,C6
6,C6
6,C6
6,C6
6,C6
6,C6
6,C6
6,C6
6,C6
6,C6
7,C7
7,C7
7,C7
7,C7
7,C7
7,C7
7,C7
7,C7
7,C7
7,C7
7,C7
7,C7
8,C8
8,C8
8,C8
8,C8
8,C8
8,C8
8,C8
8,C8
8,C8
8,C8
8,C8
8,C8
5,CW
5,CW
5,CW
5,CW
5,CW
5,CW
5,CW
5,CW
5,CW
5,CW
5,CW
5,CW
Many,CW
Many,CW
Many,CW
Many,CW
Many,CW
Many,CW
Many,CW
Many,CW
Many,CW
Many,CW
Many,CW
Many,CW
Many,Many
Many,Many
Many,Many
Many,Many
Many,Many
Many,Many
Many,Many
Many,Many
Many,Many
Many,Many
Many,Many
Many,Many
Many,Many
Many,Many
Many,Many
Many,Many
Many,Many
Many,Many
Many,Many
Many,Many
Many,Many
Many,Many
Many,Many
Many,Many
4,Many
4,Many
4,Many
4,Many
4,Many
4,Many
4,Many
4,Many
4,Many
4,Many
4,Many
4,Many
Many,1
Many,1
Many,1
Many,1
Many,1
Many,1
Many,1
Many,1
Many,1
Many,1
Many,1
Many,1
Many,1
Many,1
Many,1
Many,1
Many,1
Many,1
Many,1
Many,1
Many,1
Many,1
Many,1
Many,1
Many,1
Many,1
Many,1
Many,1
Many,1
Many,1
Many,1
Many,1
Many,1
Many,1
Many,1
Many,1
6,1
6,1
6,1
6,1
6,1
6,1
6,1
6,1
6,1
6,1
6,1
6,1
Many,Many
Many,Many
Many,Many
Many,Many
Many,Many
Many,Many
Many,Many
Many,Many
Many,Many
Many,Many
Many,Many
Many,Many
1,CP1
1,CP1
1,CP1
1,CP1
1,CP1
1,CP1
1,CP1
1,CP1
1,CP1
1,CP1
1,CP1
1,CP1
2,CP2
2,CP2
2,CP2
2,CP2
2,CP2
2,CP2
2,CP2
2,CP2
2,CP2
2,CP2
2,CP2
2,CP2
3,CP3
3,CP3
3,CP3
3,CP3
3,CP3
3,CP3
3,CP3
3,CP3
3,CP3
3,CP3
3,CP3
3,CP3
1,1
1,1
1,1
1,1
1,1
1,1
1,1
1,1
1,1
1,1
1,1
1,1
2,2
2,2
2,2
2,2
2,2
2,2
2,2
2,2
2,2
2,2
2,2
2,2
1,1
1,1
1,1
1,1
1,1
1,1
1,1
1,1
1,1
1,1
1,1
1,1
2,2
2,2
2,2
2,2
2,2
2,2
2,2
2,2
2,2
2,2
2,2
2,2
3,3
3,3
3,3
3,3
3,3
3,3
3,3
3,3
3,3
3,3
3,3
3,3
1,1
1,1
1,1
1,1
1,1
1,1
1,1
1,1
1,1
1,1
1,1
1,1
2,2
2,2
2,2
2,2
2,2
2,2
2,2
2,2
2,2
2,2
2,2
2,2
3,3
3,3
3,3
3,3
3,3
3,3
3,3
3,3
3,3
3,3
3,3
3,3
1,1
1,1
1,1
1,1
1,1
1,1
1,1
1,1
1,1
1,1
1,1
1,1
2,2
2,2
2,2
2,2
2,2
2,2
2,2
2,2
2,2
2,2
2,2
2,2
3,3
3,3
3,3
3,3
3,3
3,3
3,3
3,3
3,3
3,3
3,3
3,3
Many,Many
Many,Many
Many,Many
Many,Many
Many,Many
Many,Many
Many,Many
Many,Many
Many,Many
Many,Many
Many,Many
Many,Many
5,5
5,5
5,5
5,5
5,5
6,6
6,6
6,6
6,6
6,6
Many,CW7
Many,CW7
Many,CW7
Many,CW7
Many,CW7
Many,CW7
Many,CW7
Many,CW7
Many,CW7
Many,CW7
Many,CW7
Many,CW7
Many,CW8
Many,CW8
Many,CW8
Many,CW8
Many,CW8
Many,CW8
Many,CW8
Many,CW8
Many,CW8
Many,CW8
Many,CW8
Many,CW8
Many,6
Many,6
Many,6
Many,6
Many,6
Many,6
Many,6
Many,6
Many,6
Many,6
Many,6
Many,6
1,CW1
1,CW1
1,CW1
1,CW1
1,CW1
1,CW1
1,CW1
1,CW1
1,CW1
1,CW1
1,CW1
1,CW1
2,CW2
2,CW2
2,CW2
2,CW2
2,CW2
2,CW2
2,CW2
2,CW2
2,CW2
2,CW2
2,CW2
2,CW2
3,3
3,3
3,3
3,3
3,3
2,Many
2,Many
2,Many
2,Many
2,Many
2,Many
2,Many
2,Many
2,Many
2,Many
2,Many
2,Many
1,1
1,1
1,1
1,1
1,1
1,1
1,1
1,1
1,1
1,1
1,1
1,1
2,2
2,2
2,2
2,2
2,2
2,2
2,2
2,2
2,2
2,2
2,2
2,2
3,3
3,3
3,3
3,3
3,3
3,3
3,3
3,3
3,3
3,3
3,3
3,3
1,1
1,1
1,1
1,1
1,1
1,1
1,1
1,1
1,1
1,1
1,1
1,1
2,2
2,2
2,2
2,2
2,2
2,2
2,2
2,2
2,2
2,2
2,2
2,2
Many,Many
Many,Many
Many,Many
Many,Many
Many,Many
Many,Many
Many,Many
Many,Many
Many,Many
Many,Many
Many,Many
Many,Many
Many,Many
Many,Many
Many,Many
Many,Many
Many,Many
Many,Many
Many,Many
Many,Many
Many,Many
Many,Many
Many,Many
Many,Many
1,1
1,1
1,1
1,1
1,1
1,1
1,1
1,1
1,1
1,1
1,1
1,1
2,2
2,2
2,2
2,2
2,2
2,2
2,2
2,2
2,2
2,2
2,2
2,2
3,3
3,3
3,3
3,3
3,3
3,3
3,3
3,3
3,3
3,3
3,3
3,3
Many,2
Many,2
Many,2
Many,2
Many,2
Many,2
Many,2
Many,2
Many,2
Many,2
Many,2
Many,2
Many,CD10
Many,CD10
Many,CD10
Many,CD10
Many,CD10
Many,CD10
Many,CD10
Many,CD10
Many,CD10
Many,CD10
Many,CD10
Many,CD10
Many,CD20
Many,CD20
Many,CD20
Many,CD20
Many,CD20
Many,CD20
Many,CD20
Many,CD20
Many,CD20
Many,CD20
Many,CD20
Many,CD20
5,303
5,303
5,303
5,303
5,303
5,303
5,303
5,303
5,303
5,303
5,303
5,303
6,304
6,304
6,304
6,304
6,304
6,304
6,304
6,304
6,304
6,304
6,304
6,304
7,305
7,305
7,305
7,305
7,305
7,305
7,305
7,305
7,305
7,305
7,305
7,305
8,306
8,306
8,306
8,306
8,306
8,306
8,306
8,306
8,306
8,306
8,306
8,306
1,401
1,401
1,401
1,401
1,401
1,401
1,401
1,401
1,401
1,401
1,401
1,401
2,402
2,402
2,402
2,402
2,402
2,402
2,402
2,402
2,402
2,402
2,402
2,402
1,CW
1,CW
1,CW
1,CW
1,CW
1,CW
1,CW
1,CW
1,CW
1,CW
1,CW
1,CW
2,CW2
2,CW2
2,CW2
2,CW2
2,CW2
2,CW2
2,CW2
2,CW2
2,CW2
2,CW2
2,CW2
2,CW2
5,5
5,5
5,5
5,5
5,5
5,5
5,5
5,5
5,5
5,5
5,5
5,5
2,2
3,3
3,3
3,3
3,3
3,3
3,3
3,3
3,3
3,3
3,3
3,3
3,3
4,4
4,4
4,4
4,4
4,4
4,4
4,4
4,4
4,4
4,4
4,4
4,4
Many,1
Many,1
Many,1
Many,1
Many,1
Many,1
Many,1
Many,1
Many,1
Many,1
Many,1
Many,1
1,CW41
1,CW41
1,CW41
1,CW41
1,CW41
1,CW41
1,CW41
1,CW41
1,CW41
1,CW41
1,CW41
1,CW41
2,CW42
2,CW42
2,CW42
2,CW42
2,CW42
2,CW42
2,CW42
2,CW42
2,CW42
2,CW42
2,CW42
2,CW42
3,CW43
3,CW43
3,CW43
3,CW43
3,CW43
3,CW43
3,CW43
3,CW43
3,CW43
3,CW43
3,CW43
3,CW43
4,CW44
4,CW44
4,CW44
4,CW44
4,CW44
4,CW44
4,CW44
4,CW44
4,CW44
4,CW44
4,CW44
4,CW44
1,1
1,1
1,1
1,1
1,1
1,1
1,1
1,1
1,1
1,1
1,1
1,1
2,2
2,2
2,2
2,2
2,2
2,2
2,2
2,2
2,2
2,2
2,2
2,2
3,3
3,3
3,3
3,3
3,3
3,3
3,3
3,3
3,3
3,3
3,3
3,3
Many,Many
Many,Many
Many,Many
Many,Many
Many,Many
Many,Many
Many,Many
Many,Many
Many,Many
Many,Many
Many,Many
Many,Many
3,CW
3,CW
3,CW
3,CW
3,CW
3,CW
3,CW
3,CW
3,CW
3,CW
3,CW
3,CW
1,G1
1,G1
1,G1
1,G1
1,G1
1,G1
1,G1
1,G1
1,G1
1,G1
1,G1
1,G1
Many,1
Many,1
Many,1
Many,1
Many,1
Many,1
Many,1
Many,1
Many,1
Many,1
Many,1
Many,1
Many,Many
Many,Many
Many,Many
Many,Many
Many,Many
Many,Many
Many,Many
Many,Many
Many,Many
Many,Many
Many,Many
Many,Many
1,1501
1,1501
1,1501
1,1501
1,1501
1,1501
1,1501
1,1501
1,1501
1,1501
1,1501
1,1501
2,1502
2,1502
2,1502
2,1502
2,1502
2,1502
2,1502
2,1502
2,1502
2,1502
2,1502
2,1502
1,UNIT1
1,UNIT1
1,UNIT1
1,UNIT1
1,UNIT1
1,UNIT1
1,UNIT1
1,UNIT1
1,UNIT1
1,UNIT1
1,UNIT1
1,UNIT1
2,UNIT2
2,UNIT2
2,UNIT2
2,UNIT2
2,UNIT2
2,UNIT2
2,UNIT2
2,UNIT2
2,UNIT2
2,UNIT2
2,UNIT2
2,UNIT2
Many,Many
Many,Many
Many,Many
Many,Many
Many,Many
Many,Many
Many,Many
Many,Many
Many,Many
Many,Many
Many,Many
Many,Many
Many,1-2
Many,1-2
Many,1-2
Many,1-2
Many,1-2
Many,1-2
Many,1-2
Many,1-2
Many,1-2
Many,1-2
Many,1-2
Many,1-2
Many,3-4
Many,3-4
Many,3-4
Many,3-4
Many,3-4
Many,3-4
Many,3-4
Many,3-4
Many,3-4
Many,3-4
Many,3-4
Many,3-4
1,1
1,1
1,1
1,1
1,1
1,1
1,1
1,1
1,1
1,1
1,1
1,1
2,2
2,2
2,2
2,2
2,2
2,2
2,2
2,2
2,2
2,2
2,2
2,2
1,1
1,1
1,1
1,1
1,1
1,1
1,1
1,1
1,1
1,1
1,1
1,1
2,2
2,2
2,2
2,2
2,2
2,2
2,2
2,2
2,2
2,2
2,2
2,2
3,3
3,3
3,3
3,3
3,3
3,3
3,3
3,3
3,3
3,3
3,3
3,3
1,1
1,1
1,1
1,1
1,1
1,1
1,1
1,1
1,1
1,1
1,1
1,1
2,2
2,2
2,2
2,2
2,2
2,2
2,2
2,2
2,2
2,2
2,2
2,2
Many,SYS042
Many,SYS042
Many,SYS042
Many,SYS042
Many,SYS042
Many,SYS042
Many,SYS042
Many,SYS042
Many,SYS042
Many,SYS042
Many,SYS042
Many,SYS042
Many,Many
Many,Many
Many,Many
Many,Many
Many,Many
Many,Many
Many,Many
Many,Many
Many,Many
Many,Many
Many,Many
Many,Many
1,1
1,1
1,1
1,1
1,1
1,1
1,1
1,1
1,1
1,1
1,1
1,1
2,2
2,2
2,2
2,2
2,2
2,2
2,2
2,2
2,2
2,2
2,2
2,2
1,1
1,1
1,1
1,1
1,1
1,1
1,1
1,1
1,1
1,1
1,1
1,1
1,1
1,1
1,1
1,1
1,1
1,1
1,1
1,1
1,1
1,1
1,1
1,1
2,2
2,2
2,2
2,2
2,2
2,2
2,2
2,2
2,2
2,2
2,2
2,2
1,CSID01
1,CSID01
1,CSID01
1,CSID01
1,CSID01
1,CSID01
1,CSID01
1,CSID01
1,CSID01
1,CSID01
1,CSID01
1,CSID01
1,C1
1,C1
1,C1
1,C1
1,C1
1,C1
1,C1
1,C1
1,C1
1,C1
1,C1
1,C1
2,C2
2,C2
2,C2
2,C2
2,C2
2,C2
2,C2
2,C2
2,C2
2,C2
2,C2
2,C2
3,C3
3,C3
3,C3
3,C3
3,C3
3,C3
3,C3
3,C3
3,C3
3,C3
3,C3
3,C3
Many,Many
Many,Many
Many,Many
Many,Many
Many,Many
Many,Many
Many,Many
Many,Many
Many,Many
Many,Many
Many,Many
Many,Many
Many,Many
Many,Many
Many,Many
Many,Many
Many,Many
Many,Many
Many,Many
Many,Many
Many,Many
Many,Many
Many,Many
Many,Many
Many,Many
Many,Many
Many,Many
Many,Many
Many,Many
Many,Many
Many,Many
Many,Many
Many,Many
Many,Many
Many,Many
Many,Many
Many,9
Many,9
Many,9
Many,9
Many,9
Many,9
Many,9
Many,9
Many,9
Many,9
Many,9
Many,9
ST1,C1
ST1,C1
ST1,C1
ST1,C1
ST1,C1
ST1,C1
ST1,C1
ST1,C1
ST1,C1
ST1,C1
ST1,C1
ST1,C1
ST2,C2
ST2,C2
ST2,C2
ST2,C2
ST2,C2
ST2,C2
ST2,C2
ST2,C2
ST2,C2
ST2,C2
ST2,C2
ST2,C2
1,1
1,1
1,1
1,1
1,1
1,1
1,1
1,1
1,1
1,1
1,1
1,1
Many,Many
Many,Many
Many,Many
Many,Many
Many,Many
Many,Many
Many,Many
Many,Many
Many,Many
Many,Many
Many,Many
Many,Many
Many,Many
Many,Many
Many,Many
Many,Many
Many,Many
Many,Many
Many,Many
Many,Many
Many,Many
Many,Many
Many,Many
Many,Many
Many,Many
Many,Many
Many,Many
Many,Many
Many,Many
Many,Many
Many,Many
Many,Many
Many,Many
Many,Many
Many,Many
Many,Many
1,1
1,1
1,1
1,1
1,1
1,1
1,1
1,1
1,1
1,1
1,1
1,1
2,2
2,2
2,2
2,2
2,2
2,2
2,2
2,2
2,2
2,2
2,2
2,2
3,3
3,3
3,3
3,3
3,3
3,3
3,3
3,3
3,3
3,3
3,3
3,3
4,4
4,4
4,4
4,4
4,4
4,4
4,4
4,4
4,4
4,4
4,4
4,4
Many,CP
Many,CP
Many,CP
Many,CP
Many,CP
Many,CP
Many,CP
Many,CP
Many,CP
Many,CP
Many,CP
Many,CP
Many,Many
Many,Many
Many,Many
Many,Many
Many,Many
Many,Many
Many,Many
Many,Many
Many,Many
Many,Many
Many,Many
Many,Many
Many,SLC
Many,SLC
Many,SLC
Many,SLC
Many,SLC
Many,SLC
Many,SLC
Many,SLC
Many,SLC
Many,SLC
Many,SLC
Many,SLC
Many,Many
Many,Many
Many,Many
Many,Many
Many,Many
Many,Many
Many,Many
Many,Many
Many,Many
Many,Many
Many,Many
Many,Many
1,2C1
1,2C1
1,2C1
1,2C1
1,2C1
1,2C1
1,2C1
1,2C1
1,2C1
1,2C1
1,2C1
1,2C1
2,2C2
2,2C2
2,2C2
2,2C2
2,2C2
2,2C2
2,2C2
2,2C2
2,2C2
2,2C2
2,2C2
2,2C2
3,2C3
3,2C3
3,2C3
3,2C3
3,2C3
3,2C3
3,2C3
3,2C3
3,2C3
3,2C3
3,2C3
3,2C3
1,Many
1,Many
1,Many
1,Many
1,Many
1,Many
1,Many
1,Many
1,Many
1,Many
1,Many
1,Many
1,1
1,1
1,1
1,1
1,1
1,1
1,1
1,1
1,1
1,1
1,1
1,1
2,2
2,2
2,2
2,2
2,2
2,2
2,2
2,2
2,2
2,2
2,2
2,2
Many,Many
Many,Many
Many,Many
Many,Many
Many,Many
Many,Many
Many,Many
Many,Many
Many,Many
Many,Many
Many,Many
Many,Many
1,1
1,1
1,1
1,1
1,1
1,1
1,1
1,1
1,1
1,1
1,1
1,1
2,2
2,2
2,2
2,2
2,2
2,2
2,2
2,2
2,2
2,2
2,2
2,2
1,CW
1,CW
1,CW
1,CW
1,CW
1,CW
1,CW
1,CW
1,CW
1,CW
1,CW
1,CW
Many,BCCF
Many,BCCF
Many,BCCF
Many,BCCF
Many,BCCF
Many,BCCF
Many,BCCF
Many,BCCF
Many,BCCF
Many,BCCF
Many,BCCF
Many,BCCF
Many,CT
Many,CT
Many,CT
Many,CT
Many,CT
Many,CT
Many,CT
Many,CT
Many,CT
Many,CT
Many,CT
Many,CT
3,3
3,3
3,3
3,3
3,3
3,3
3,3
3,3
3,3
3,3
3,3
3,3
4,4
4,4
4,4
4,4
4,4
4,4
4,4
4,4
4,4
4,4
4,4
4,4
1,1
1,1
1,1
1,1
1,1
1,1
1,1
1,1
1,1
1,1
1,1
1,1
2,2
2,2
2,2
2,2
2,2
2,2
2,2
2,2
2,2
2,2
2,2
2,2
Many,COOL1
Many,COOL1
Many,COOL1
Many,COOL1
Many,COOL1
Many,COOL1
Many,COOL1
Many,COOL1
Many,COOL1
Many,COOL1
Many,COOL1
Many,COOL1
17,17
17,17
17,17
17,17
17,17
17,17
17,17
17,17
17,17
17,17
17,17
17,17
18,18
18,18
18,18
18,18
18,18
18,18
18,18
18,18
18,18
18,18
18,18
18,18
1,1
1,1
1,1
1,1
1,1
1,1
1,1
1,1
1,1
1,1
1,1
1,1
2,2
2,2
2,2
2,2
2,2
2,2
2,2
2,2
2,2
2,2
2,2
2,2
3,3
3,3
3,3
3,3
3,3
3,3
3,3
3,3
3,3
3,3
3,3
3,3
Many,CP
Many,CP
Many,CP
Many,CP
Many,CP
Many,CP
Many,CP
Many,CP
Many,CP
Many,CP
Many,CP
Many,CP
1,1
1,1
1,1
1,1
1,1
1,1
1,1
1,1
1,1
1,1
1,1
1,1
2,2
2,2
2,2
2,2
2,2
2,2
2,2
2,2
2,2
2,2
2,2
2,2
1,1
1,1
1,1
1,1
1,1
1,1
1,1
1,1
1,1
1,1
1,1
1,1
Many,Many
Many,Many
Many,Many
Many,Many
Many,Many
Many,Many
Many,Many
Many,Many
Many,Many
Many,Many
Many,Many
Many,Many
1,AC91
1,AC91
1,AC91
1,AC91
1,AC91
1,AC91
1,AC91
1,AC91
1,AC91
1,AC91
1,AC91
1,AC91
1,1
1,1
1,1
1,1
1,1
1,1
1,1
1,1
1,1
1,1
1,1
1,1
2,2
2,2
2,2
2,2
2,2
2,2
2,2
2,2
2,2
2,2
2,2
2,2
Many,Many
Many,Many
Many,Many
Many,Many
Many,Many
Many,Many
Many,Many
Many,Many
Many,Many
Many,Many
Many,Many
Many,Many
1,CW
1,CW
1,CW
1,CW
1,CW
1,CW
1,CW
1,CW
1,CW
1,CW
1,CW
1,CW
Many,1
Many,1
Many,1
Many,1
Many,1
Many,1
Many,1
Many,1
Many,1
Many,1
Many,1
Many,1
1,1
1,1
1,1
1,1
1,1
1,1
1,1
1,1
1,1
1,1
1,1
1,1
2,2
2,2
2,2
2,2
2,2
2,2
2,2
2,2
2,2
2,2
2,2
2,2
3,3
3,3
3,3
3,3
3,3
3,3
3,3
3,3
3,3
3,3
3,3
3,3
4,4
4,4
4,4
4,4
4,4
4,4
4,4
4,4
4,4
4,4
4,4
4,4
5,5
5,5
5,5
5,5
5,5
5,5
5,5
5,5
5,5
5,5
5,5
5,5
1,001
1,001
1,001
1,001
1,001
1,001
1,001
1,001
1,001
1,001
1,001
1,001
1,HC
1,HC
1,HC
1,HC
1,HC
1,HC
1,HC
1,HC
1,HC
1,HC
1,HC
1,HC
1,1
1,1
1,1
1,1
1,1
1,1
1,1
1,1
1,1
1,1
1,1
1,1
1,VCS1
1,VCS1
1,VCS1
1,VCS1
1,VCS1
1,VCS1
1,VCS1
1,VCS1
1,VCS1
1,VCS1
1,VCS1
1,VCS1
1,1
1,1
1,1
1,1
1,1
1,1
1,1
1,1
1,1
1,1
2,2
2,2
2,2
2,2
2,2
2,2
2,2
2,2
2,2
2,2
1,CW
1,CW
1,CW
1,CW
1,CW
1,CW
1,CW
1,CW
1,CW
1,CW
1,CW
1,CW
Many,CW
Many,CW
Many,CW
Many,CW
Many,CW
Many,CW
Many,CW
Many,CW
Many,CW
Many,CW
Many,CW
Many,CW
Many,1
Many,1
Many,1
Many,1
Many,1
Many,1
Many,1
Many,1
Many,1
Many,1
Many,1
Many,1
Many,1
Many,1
Many,1
Many,1
Many,1
Many,1
Many,1
Many,1
Many,1
Many,1
Many,1
Many,1
1,CSID01
1,CSID01
1,CSID01
1,CSID01
1,CSID01
1,CSID01
1,CSID01
1,CSID01
1,CSID01
1,CSID01
1,CSID01
1,CSID01
Many,SITE
Many,SITE
Many,SITE
Many,SITE
Many,SITE
Many,SITE
Many,SITE
Many,SITE
Many,SITE
Many,SITE
Many,SITE
Many,SITE
1,1
1,1
1,1
1,1
1,1
1,1
1,1
1,1
1,1
1,1
1,1
1,1
1,1
1,1
1,1
1,1
1,1
1,1
1,1
1,1
1,1
1,1
1,1
1,1
2,2
2,2
2,2
2,2
2,2
2,2
2,2
2,2
2,2
2,2
2,2
2,2
1,NHC1
1,NHC1
1,NHC1
1,NHC1
1,NHC1
1,NHC1
1,NHC1
1,NHC1
1,NHC1
1,NHC1
1,NHC1
1,NHC1
1,1
1,1
1,1
1,1
1,1
1,1
1,1
1,1
1,1
1,1
1,1
1,1
2,2
2,2
2,2
2,2
2,2
2,2
2,2
2,2
2,2
2,2
2,2
2,2
3,3
3,3
3,3
3,3
3,3
3,3
3,3
3,3
3,3
3,3
3,3
3,3
1,CT1
1,CT1
1,CT1
1,CT1
1,CT1
1,CT1
1,CT1
1,CT1
1,CT1
1,CT1
1,CT1
1,CT1
2,CT2
2,CT2
2,CT2
2,CT2
2,CT2
2,CT2
2,CT2
2,CT2
2,CT2
2,CT2
2,CT2
2,CT2
1,CW1
1,CW1
1,CW1
1,CW1
1,CW1
1,CW1
1,CW1
1,CW1
1,CW1
1,CW1
1,CW1
1,CW1
2,CW2
2,CW2
2,CW2
2,CW2
2,CW2
2,CW2
2,CW2
2,CW2
2,CW2
2,CW2
2,CW2
2,CW2
CO1,U1CW
CO1,U1CW
CO1,U1CW
CO1,U1CW
CO1,U1CW
CO1,U1CW
CO1,U1CW
CO1,U1CW
CO1,U1CW
CO1,U1CW
CO1,U1CW
CO1,U1CW
CO2,U2CW
CO2,U2CW
CO2,U2CW
CO2,U2CW
CO2,U2CW
CO2,U2CW
CO2,U2CW
CO2,U2CW
CO2,U2CW
CO2,U2CW
CO2,U2CW
CO2,U2CW
1,1
1,1
1,1
1,1
1,1
1,1
1,1
1,1
1,1
1,1
1,1
1,1
1,1
1,1
1,1
1,1
1,1
1,1
1,1
1,1
1,1
1,1
1,1
1,1
2,2
2,2
2,2
2,2
2,2
2,2
2,2
2,2
2,2
2,2
2,2
2,2
3,3
3,3
3,3
3,3
3,3
3,3
3,3
3,3
3,3
3,3
3,3
3,3
Many,1
Many,1
Many,1
Many,1
Many,1
Many,1
Many,1
Many,1
Many,1
Many,1
Many,1
Many,1
1,1
2,2
1,SM-1
1,SM-1
1,SM-1
1,SM-1
1,SM-1
1,SM-1
1,SM-1
1,SM-1
1,SM-1
1,SM-1
1,SM-1
1,SM-1
1,1
1,1
1,1
1,1
1,1
1,1
1,1
1,1
1,1
1,1
1,1
1,1
2,2
2,2
2,2
2,2
2,2
2,2
2,2
2,2
2,2
2,2
2,2
2,2
3,3
3,3
3,3
3,3
3,3
3,3
3,3
3,3
3,3
3,3
3,3
3,3
Many,Many
Many,Many
Many,Many
Many,Many
Many,Many
Many,Many
Many,Many
Many,Many
Many,Many
Many,Many
Many,Many
Many,Many
Many,Many
Many,Many
Many,Many
Many,Many
Many,Many
Many,Many
Many,Many
Many,Many
Many,Many
Many,Many
Many,Many
Many,Many
ST1,1
ST1,1
ST1,1
ST1,1
ST1,1
ST1,1
ST1,1
ST1,1
ST1,1
ST1,1
ST1,1
ST1,1
ST2,2
ST2,2
ST2,2
ST2,2
ST2,2
ST2,2
ST2,2
ST2,2
ST2,2
ST2,2
ST2,2
ST2,2
1,1
1,1
1,1
1,1
1,1
1,1
1,1
1,1
1,1
1,1
1,1
1,1
2,2
2,2
2,2
2,2
2,2
2,2
2,2
2,2
2,2
2,2
2,2
2,2
3,3
3,3
3,3
3,3
3,3
3,3
3,3
3,3
3,3
3,3
3,3
3,3
1,1CW
1,1CW
1,1CW
1,1CW
1,1CW
1,1CW
1,1CW
1,1CW
1,1CW
1,1CW
1,1CW
1,1CW
2,2CW
2,2CW
2,2CW
2,2CW
2,2CW
2,2CW
2,2CW
2,2CW
2,2CW
2,2CW
2,2CW
2,2CW
1,1
1,1
1,1
1,1
1,1
1,1
1,1
1,1
1,1
1,1
1,1
1,1
1,1
1,1
1,1
1,1
1,1
1,1
1,1
1,1
1,1
1,1
1,1
1,1
1,1
1,1
1,1
1,1
1,1
1,1
1,1
1,1
1,1
1,1
1,1
1,1
2,2
2,2
2,2
2,2
2,2
2,2
2,2
2,2
2,2
2,2
2,2
2,2
3,3
3,3
3,3
3,3
3,3
3,3
3,3
3,3
3,3
3,3
3,3
3,3
4,4
4,4
4,4
4,4
4,4
4,4
4,4
4,4
4,4
4,4
4,4
4,4
1,1
1,1
1,1
1,1
1,1
1,1
1,1
1,1
1,1
1,1
1,1
1,1
Many,MCR
Many,MCR
Many,MCR
Many,MCR
Many,MCR
Many,MCR
Many,MCR
Many,MCR
Many,MCR
Many,MCR
Many,MCR
Many,MCR
1,1
1,1
1,1
1,1
1,1
1,1
1,1
1,1
1,1
1,1
1,1
1,1
1,1
1,1
1,1
1,1
1,1
1,1
1,1
1,1
1,1
1,1
1,1
1,1
2,2
2,2
2,2
2,2
2,2
2,2
2,2
2,2
2,2
2,2
2,2
2,2
3,3
3,3
3,3
3,3
3,3
3,3
3,3
3,3
3,3
3,3
3,3
3,3
1,1
1,1
1,1
1,1
1,1
1,1
1,1
1,1
1,1
1,1
1,1
1,1
1,CW
1,CW
1,CW
1,CW
1,CW
1,CW
1,CW
1,CW
1,CW
1,CW
1,CW
1,CW
1,CC1
1,CC1
1,CC1
1,CC1
1,CC1
1,CC1
1,CC1
1,CC1
1,CC1
1,CC1
1,CC1
1,CC1
2,CC2
2,CC2
2,CC2
2,CC2
2,CC2
2,CC2
2,CC2
2,CC2
2,CC2
2,CC2
2,CC2
2,CC2
1,1HRC
1,1HRC
1,1HRC
1,1HRC
1,1HRC
1,1HRC
1,1HRC
1,1HRC
1,1HRC
1,1HRC
1,1HRC
1,1HRC
2,2HRC
2,2HRC
2,2HRC
2,2HRC
2,2HRC
2,2HRC
2,2HRC
2,2HRC
2,2HRC
2,2HRC
2,2HRC
2,2HRC
1,G1
1,G1
1,G1
1,G1
1,G1
1,G1
1,G1
1,G1
1,G1
1,G1
1,G1
1,G1
2,G2
2,G2
2,G2
2,G2
2,G2
2,G2
2,G2
2,G2
2,G2
2,G2
2,G2
2,G2
Many,Many
Many,Many
Many,Many
Many,Many
Many,Many
Many,Many
Many,Many
Many,Many
Many,Many
Many,Many
Many,Many
Many,Many
1,101
1,101
1,101
1,101
1,101
1,101
1,101
1,101
1,101
1,101
1,101
1,101
4,4
4,4
4,4
4,4
4,4
4,4
4,4
4,4
4,4
4,4
4,4
4,4
Many,1-3
Many,1-3
Many,1-3
Many,1-3
Many,1-3
Many,1-3
Many,1-3
Many,1-3
Many,1-3
Many,1-3
Many,1-3
Many,1-3
1,101
1,101
1,101
1,101
1,101
1,101
1,101
1,101
1,101
1,101
1,101
1,101
1,1
1,1
1,1
1,1
1,1
1,1
1,1
1,1
1,1
1,1
1,1
1,1
1,1
1,1
1,1
1,1
1,1
1,1
1,1
1,1
1,1
1,1
1,1
1,1
1,W1
1,W1
1,W1
1,W1
1,W1
1,W1
1,W1
1,W1
1,W1
1,W1
1,W1
1,W1
1,CT-1
1,CT-1
1,CT-1
1,CT-1
1,CT-1
1,CT-1
1,CT-1
1,CT-1
1,CT-1
1,CT-1
1,CT-1
1,CT-1
2,CT-2
2,CT-2
2,CT-2
2,CT-2
2,CT-2
2,CT-2
2,CT-2
2,CT-2
2,CT-2
2,CT-2
2,CT-2
2,CT-2
Many,ACC7
Many,ACC7
Many,ACC7
Many,ACC7
Many,ACC7
Many,ACC7
Many,ACC7
Many,ACC7
Many,ACC7
Many,ACC7
Many,ACC7
Many,ACC7
1,LAKE1
1,LAKE1
1,LAKE1
1,LAKE1
1,LAKE1
1,LAKE1
1,LAKE1
1,LAKE1
1,LAKE1
1,LAKE1
1,LAKE1
1,LAKE1
2,LAKE2
2,LAKE2
2,LAKE2
2,LAKE2
2,LAKE2
2,LAKE2
2,LAKE2
2,LAKE2
2,LAKE2
2,LAKE2
2,LAKE2
2,LAKE2
Many,Many
Many,Many
Many,Many
Many,Many
Many,Many
Many,Many
Many,Many
Many,Many
Many,Many
Many,Many
Many,Many
Many,Many
ST1,COP1
ST1,COP1
ST1,COP1
ST1,COP1
ST1,COP1
ST1,COP1
ST1,COP1
ST1,COP1
ST1,COP1
ST1,COP1
ST1,COP1
ST1,COP1
Many,Many
Many,Many
Many,Many
Many,Many
Many,Many
Many,Many
Many,Many
Many,Many
Many,Many
Many,Many
Many,Many
Many,Many
Many,CS2
Many,CS2
Many,CS2
Many,CS2
Many,CS2
Many,CS2
Many,CS2
Many,CS2
Many,CS2
Many,CS2
Many,CS2
Many,CS2
Many,CS3
Many,CS3
Many,CS3
Many,CS3
Many,CS3
Many,CS3
Many,CS3
Many,CS3
Many,CS3
Many,CS3
Many,CS3
Many,CS3
Many,CS4
Many,CS4
Many,CS4
Many,CS4
Many,CS4
Many,CS4
Many,CS4
Many,CS4
Many,CS4
Many,CS4
Many,CS4
Many,CS4
Many,RC01
Many,RC01
Many,RC01
Many,RC01
Many,RC01
Many,RC01
Many,RC01
Many,RC01
Many,RC01
Many,RC01
Many,RC01
Many,RC01
Many,HRC
Many,HRC
Many,HRC
Many,HRC
Many,HRC
Many,HRC
Many,HRC
Many,HRC
Many,HRC
Many,HRC
Many,HRC
Many,HRC
Many,1
Many,1
Many,1
Many,1
Many,1
Many,1
Many,1
Many,1
Many,1
Many,1
Many,1
Many,1
4,4
4,4
4,4
4,4
4,4
4,4
4,4
4,4
4,4
4,4
4,4
4,4
Many,STEAM
Many,STEAM
Many,STEAM
Many,STEAM
Many,STEAM
Many,STEAM
Many,STEAM
Many,STEAM
Many,STEAM
Many,STEAM
Many,STEAM
Many,STEAM
Many,1
Many,1
Many,1
Many,1
Many,1
Many,1
Many,1
Many,1
Many,1
Many,1
Many,1
Many,1
1,1
1,1
1,1
1,1
1,1
1,1
1,1
1,1
1,1
1,1
1,1
1,1
2,2
2,2
2,2
2,2
2,2
2,2
2,2
2,2
2,2
2,2
2,2
2,2
1,1
1,1
1,1
1,1
1,1
1,1
1,1
1,1
1,1
1,1
1,1
1,1
Many,Many
Many,Many
Many,Many
Many,Many
Many,Many
Many,Many
Many,Many
Many,Many
Many,Many
Many,Many
Many,Many
Many,Many
Many,SITE
Many,SITE
Many,SITE
Many,SITE
Many,SITE
Many,SITE
Many,SITE
Many,SITE
Many,SITE
Many,SITE
Many,SITE
Many,SITE
Many,Many
Many,Many
Many,Many
Many,Many
Many,Many
Many,Many
Many,Many
Many,Many
Many,Many
Many,Many
Many,Many
Many,Many
1,1-1
1,1-1
1,1-1
1,1-1
1,1-1
1,1-1
1,1-1
1,1-1
1,1-1
1,1-1
1,1-1
1,1-1
Many,Many
Many,Many
Many,Many
Many,Many
Many,Many
Many,Many
Many,Many
Many,Many
Many,Many
Many,Many
Many,Many
Many,Many
Many,U4C
Many,U4C
Many,U4C
Many,U4C
Many,U4C
Many,U4C
Many,U4C
Many,U4C
Many,U4C
Many,U4C
Many,U4C
Many,U4C
Many,1S
Many,1S
Many,1S
Many,1S
Many,1S
Many,1S
Many,1S
Many,1S
Many,1S
Many,1S
Many,1S
Many,1S
Many,SITE
Many,SITE
Many,SITE
Many,SITE
Many,SITE
Many,SITE
Many,SITE
Many,SITE
Many,SITE
Many,SITE
Many,SITE
Many,SITE
Many,Many
Many,Many
Many,Many
Many,Many
Many,Many
Many,Many
Many,Many
Many,Many
Many,Many
Many,Many
Many,Many
Many,Many
Many,CS01
Many,CS01
Many,CS01
Many,CS01
Many,CS01
Many,CS01
Many,CS01
Many,CS01
Many,CS01
Many,CS01
Many,CS01
Many,CS01
Many,CS02
Many,CS02
Many,CS02
Many,CS02
Many,CS02
Many,CS02
Many,CS02
Many,CS02
Many,CS02
Many,CS02
Many,CS02
Many,CS02
Many,Many
Many,Many
Many,Many
Many,Many
Many,Many
Many,Many
Many,Many
Many,Many
Many,Many
Many,Many
Many,Many
Many,Many
Many,CLTWR1
Many,CLTWR1
Many,CLTWR1
Many,CLTWR1
Many,CLTWR1
Many,CLTWR1
Many,CLTWR1
Many,CLTWR1
Many,CLTWR1
Many,CLTWR1
Many,CLTWR1
Many,CLTWR1
1,CW
1,CW
1,CW
Many,10P
Many,10P
Many,10P
Many,10P
Many,10P
Many,10P
Many,10P
Many,10P
Many,10P
Many,10P
Many,10P
Many,10P
Many,CW02
Many,CW02
Many,CW02
Many,CW02
Many,CW02
Many,CW02
Many,CW02
Many,CW02
Many,CW02
Many,CW02
Many,CW02
Many,CW02
Many,COOL1
Many,COOL1
Many,COOL1
Many,COOL1
Many,COOL1
Many,COOL1
Many,COOL1
Many,COOL1
Many,COOL1
Many,COOL1
Many,COOL1
Many,COOL1
Many,1
Many,1
Many,1
Many,1
Many,1
Many,1
Many,1
Many,1
Many,1
Many,1
Many,1
Many,1
Many,CW1
Many,CW1
Many,CW1
Many,CW1
Many,CW1
Many,CW1
Many,CW1
Many,CW1
Many,CW1
Many,CW1
Many,CW1
Many,CW1
1,1
1,1
1,1
1,1
1,1
1,1
1,1
1,1
1,1
1,1
1,1
1,1
1,1
1,1
1,1
1,1
1,1
1,1
1,1
1,1
1,1
1,1
1,1
1,1
2,2
2,2
2,2
2,2
2,2
2,2
2,2
2,2
2,2
2,2
2,2
2,2
1,1
1,1
1,1
1,1
1,1
1,1
1,1
1,1
1,1
1,1
1,1
1,1
2,2
2,2
2,2
2,2
2,2
2,2
2,2
2,2
2,2
2,2
2,2
2,2
Many,1
Many,1
Many,1
Many,1
Many,1
Many,1
Many,1
Many,1
Many,1
Many,1
Many,1
Many,1
1,CW
1,CW
1,CW
1,CW
1,CW
1,CW
1,CW
1,CW
1,CW
1,CW
1,CW
1,CW
1,1
1,1
1,1
1,1
1,1
1,1
1,1
1,1
1,1
1,1
1,1
1,1
2,2
2,2
2,2
2,2
2,2
2,2
2,2
2,2
2,2
2,2
2,2
2,2
Many,Many
Many,Many
Many,Many
Many,Many
Many,Many
Many,Many
Many,Many
Many,Many
Many,Many
Many,Many
Many,Many
Many,Many
1,1
1,1
1,1
1,1
1,1
1,1
1,1
1,1
1,1
1,1
1,1
1,1
1,CW1
1,CW1
1,CW1
1,CW1
1,CW1
1,CW1
1,CW1
1,CW1
1,CW1
1,CW1
1,CW1
1,CW1
2,CW2
2,CW2
2,CW2
2,CW2
2,CW2
2,CW2
2,CW2
2,CW2
2,CW2
2,CW2
2,CW2
2,CW2
Many,1
Many,1
Many,1
Many,1
Many,1
Many,1
Many,1
Many,1
Many,1
Many,1
Many,1
Many,1
Many,7253
Many,7253
Many,7253
Many,7253
Many,7253
Many,7253
Many,7253
Many,7253
Many,7253
Many,7253
Many,7253
Many,7253
1,CW71
1,CW71
1,CW71
1,CW71
1,CW71
1,CW71
1,CW71
1,CW71
1,CW71
1,CW71
1,CW71
1,CW71
2,CW72
2,CW72
2,CW72
2,CW72
2,CW72
2,CW72
2,CW72
2,CW72
2,CW72
2,CW72
2,CW72
2,CW72
3,CW73
3,CW73
3,CW73
3,CW73
3,CW73
3,CW73
3,CW73
3,CW73
3,CW73
3,CW73
3,CW73
3,CW73
4,CW74
4,CW74
4,CW74
4,CW74
4,CW74
4,CW74
4,CW74
4,CW74
4,CW74
4,CW74
4,CW74
4,CW74
Many,6
Many,6
Many,6
Many,6
Many,6
Many,6
Many,6
Many,6
Many,6
Many,6
Many,6
Many,6
Many,1-4
Many,1-4
Many,1-4
Many,1-4
Many,1-4
Many,1-4
Many,1-4
Many,1-4
Many,1-4
Many,1-4
Many,1-4
Many,1-4
Many,5
Many,5
Many,5
Many,5
Many,5
Many,5
Many,5
Many,5
Many,5
Many,5
Many,5
Many,5
1,1
1,1
1,1
1,1
1,1
1,1
1,1
1,1
1,1
1,1
1,1
1,1
2,2
2,2
2,2
2,2
2,2
2,2
2,2
2,2
2,2
2,2
2,2
2,2
Many,HX-106
Many,HX-106
Many,HX-106
Many,HX-106
Many,HX-106
Many,HX-106
Many,HX-106
Many,HX-106
Many,HX-106
Many,HX-106
Many,HX-106
Many,HX-106
Many,Many
Many,Many
Many,Many
Many,Many
Many,Many
Many,Many
Many,Many
Many,Many
Many,Many
Many,Many
Many,Many
Many,Many
1,1
1,1
1,1
1,1
1,1
1,1
1,1
1,1
1,1
1,1
1,1
1,1
1,C1
1,C1
1,C1
1,C1
1,C1
1,C1
1,C1
1,C1
1,C1
1,C1
1,C1
1,C1
Many,Many
Many,Many
Many,Many
Many,Many
Many,Many
Many,Many
Many,Many
Many,Many
Many,Many
Many,Many
Many,Many
Many,Many
1,1NEW
1,1NEW
1,1NEW
1,1NEW
1,1NEW
1,1NEW
1,1NEW
1,1NEW
1,1NEW
1,1NEW
1,1NEW
1,1NEW
2,2NEW
2,2NEW
2,2NEW
2,2NEW
2,2NEW
2,2NEW
2,2NEW
2,2NEW
2,2NEW
2,2NEW
2,2NEW
2,2NEW
2,2
2,2
2,2
2,2
2,2
2,2
2,2
2,2
2,2
2,2
2,2
2,2
3,3
3,3
3,3
3,3
3,3
3,3
3,3
3,3
3,3
3,3
3,3
3,3
4,4
4,4
4,4
4,4
4,4
4,4
4,4
4,4
4,4
4,4
4,4
4,4
ST5,5
ST5,5
ST5,5
ST5,5
ST5,5
ST5,5
ST5,5
ST5,5
ST5,5
ST5,5
ST5,5
ST5,5
Many,CT01
Many,CT01
Many,CT01
Many,CT01
Many,CT01
Many,CT01
Many,CT01
Many,CT01
Many,CT01
Many,CT01
Many,CT01
Many,CT01
Many,CS1
Many,CS1
Many,CS1
COLV,EBE
COLV,EBE
COLV,EBE
COLV,EBE
COLV,EBE
COLV,EBE
COLV,EBE
COLV,EBE
COLV,EBE
COLV,EBE
COLV,EBE
COLV,EBE
Many,CLTWRS
Many,CLTWRS
Many,CLTWRS
Many,CLTWRS
Many,CLTWRS
Many,CLTWRS
Many,CLTWRS
Many,CLTWRS
Many,CLTWRS
Many,CLTWRS
Many,CLTWRS
Many,CLTWRS
Many,TC
Many,TC
Many,TC
Many,TC
Many,TC
Many,TC
Many,TC
Many,TC
Many,TC
Many,TC
Many,TC
Many,TC
Many,Many
Many,Many
Many,Many
Many,Many
Many,Many
Many,Many
Many,Many
Many,Many
Many,Many
Many,Many
Many,Many
Many,Many
Many,ACC001
Many,ACC001
Many,ACC001
Many,ACC001
Many,ACC001
Many,ACC001
Many,ACC001
Many,ACC001
Many,ACC001
Many,ACC001
Many,ACC001
Many,ACC001
Many,DC
Many,DC
Many,DC
Many,DC
Many,DC
Many,DC
Many,DC
Many,DC
Many,DC
Many,DC
Many,DC
Many,DC
Many,NCCW
Many,NCCW
Many,NCCW
Many,NCCW
Many,NCCW
Many,NCCW
Many,NCCW
Many,NCCW
Many,NCCW
Many,NCCW
Many,NCCW
Many,NCCW
Many,1
Many,1
Many,1
Many,1
Many,1
Many,1
Many,1
Many,1
Many,1
Many,1
Many,1
Many,1
Many,Many
Many,Many
Many,Many
Many,Many
Many,Many
Many,Many
Many,Many
Many,Many
Many,Many
Many,Many
Many,Many
Many,Many
GEN1,COOLTW
GEN1,COOLTW
GEN1,COOLTW
GEN1,COOLTW
GEN1,COOLTW
GEN1,COOLTW
GEN1,COOLTW
GEN1,COOLTW
GEN1,COOLTW
GEN1,COOLTW
GEN1,COOLTW
GEN1,COOLTW
Many,3TTW-1
Many,3TTW-1
Many,3TTW-1
Many,3TTW-1
Many,3TTW-1
Many,3TTW-1
Many,3TTW-1
Many,3TTW-1
Many,3TTW-1
Many,3TTW-1
Many,3TTW-1
Many,3TTW-1
Many,Many
Many,Many
Many,Many
Many,Many
Many,Many
Many,Many
Many,Many
Many,Many
Many,Many
Many,Many
Many,Many
Many,Many
Many,1
Many,1
Many,1
Many,1
Many,1
Many,1
Many,1
Many,1
Many,1
Many,1
Many,1
Many,1
GEN1,CW1
GEN1,CW1
GEN1,CW1
GEN1,CW1
GEN1,CW1
GEN1,CW1
GEN1,CW1
GEN1,CW1
GEN1,CW1
GEN1,CW1
GEN1,CW1
GEN1,CW1
Many,CT1
Many,CT1
Many,CT1
Many,CT1
Many,CT1
Many,CT1
Many,CT1
Many,CT1
Many,CT1
Many,CT1
Many,CT1
Many,CT1
Many,CT2
Many,CT2
Many,CT2
Many,CT2
Many,CT2
Many,CT2
Many,CT2
Many,CT2
Many,CT2
Many,CT2
Many,CT2
Many,CT2
Many,CT4
Many,CT4
Many,CT4
Many,CT4
Many,CT4
Many,CT4
Many,CT4
Many,CT4
Many,CT4
Many,CT4
Many,CT4
Many,CT4
Many,Many
Many,Many
Many,Many
Many,Many
Many,Many
Many,Many
Many,Many
Many,Many
Many,Many
Many,Many
Many,Many
Many,Many
Many,SDM46
Many,SDM46
Many,SDM46
Many,SDM46
Many,SDM46
Many,SDM46
Many,SDM46
Many,SDM46
Many,SDM46
Many,SDM46
Many,SDM46
Many,SDM46
Many,TOWER
Many,TOWER
Many,TOWER
Many,TOWER
Many,TOWER
Many,TOWER
Many,TOWER
Many,TOWER
Many,TOWER
Many,TOWER
Many,TOWER
Many,TOWER
Many,CW1
Many,CW1
Many,CW1
Many,CW1
Many,CW1
Many,CW1
Many,CW1
Many,CW1
Many,CW1
Many,CW1
Many,CW1
Many,CW1
Many,CT1
Many,CT1
Many,CT1
Many,CT1
Many,CT1
Many,CT1
Many,CT1
Many,CT1
Many,CT1
Many,CT1
Many,CT1
Many,CT1
Many,Many
Many,Many
Many,Many
Many,Many
Many,Many
Many,Many
Many,Many
Many,Many
Many,Many
Many,Many
Many,Many
Many,Many
Many,CGCT
Many,CGCT
Many,CGCT
Many,CGCT
Many,CGCT
Many,CGCT
Many,CGCT
Many,CGCT
Many,CGCT
Many,CGCT
Many,CGCT
Many,CGCT
Many,AC1
Many,AC1
Many,AC1
Many,AC1
Many,AC1
Many,AC1
Many,AC1
Many,AC1
Many,AC1
Many,AC1
Many,AC1
Many,AC1
Many,COLTWR
Many,COLTWR
Many,COLTWR
Many,COLTWR
Many,COLTWR
Many,COLTWR
Many,COLTWR
Many,COLTWR
Many,COLTWR
Many,COLTWR
Many,COLTWR
Many,COLTWR
Many,RR001
Many,RR001
Many,RR001
Many,RR001
Many,RR001
Many,RR001
Many,RR001
Many,RR001
Many,RR001
Many,RR001
Many,RR001
Many,RR001
Many,Many
Many,Many
Many,Many
Many,Many
Many,Many
Many,Many
Many,Many
Many,Many
Many,Many
Many,Many
Many,Many
Many,Many
GE10,10TGCT
GE10,10TGCT
GE10,10TGCT
GE10,10TGCT
GE10,10TGCT
GE10,10TGCT
GE10,10TGCT
GE10,10TGCT
GE10,10TGCT
GE10,10TGCT
GE10,10TGCT
GE10,10TGCT
GEN9,9CT
GEN9,9CT
GEN9,9CT
GEN9,9CT
GEN9,9CT
GEN9,9CT
GEN9,9CT
GEN9,9CT
GEN9,9CT
GEN9,9CT
GEN9,9CT
GEN9,9CT
Many,Many
Many,Many
Many,Many
Many,Many
Many,Many
Many,Many
Many,Many
Many,Many
Many,Many
Many,Many
Many,Many
Many,Many
Many,RW
Many,RW
Many,RW
Many,RW
Many,RW
Many,RW
Many,RW
Many,RW
Many,RW
Many,RW
Many,RW
Many,RW
Many,7CIRC
Many,7CIRC
Many,7CIRC
Many,7CIRC
Many,7CIRC
Many,7CIRC
Many,7CIRC
Many,7CIRC
Many,7CIRC
Many,7CIRC
Many,7CIRC
Many,7CIRC
Many,4TG
Many,4TG
Many,4TG
Many,4TG
Many,4TG
Many,4TG
Many,4TG
Many,4TG
Many,4TG
Many,4TG
Many,4TG
Many,4TG
Many,CT1
Many,CT1
Many,CT1
Many,CT1
Many,CT1
Many,CT1
Many,CT1
Many,CT1
Many,CT1
Many,CT1
Many,CT1
Many,CT1
Many,CT
Many,CT
Many,CT
Many,CT
Many,CT
Many,CT
Many,CT
Many,CT
Many,CT
Many,CT
Many,CT
Many,CT
STG1,SWPS2
STG1,SWPS2
STG1,SWPS2
STG1,SWPS2
STG1,SWPS2
STG1,SWPS2
STG1,SWPS2
STG1,SWPS2
STG1,SWPS2
STG1,SWPS2
STG1,SWPS2
STG1,SWPS2
GEN3,COGEN
GEN3,COGEN
GEN3,COGEN
GEN3,COGEN
GEN3,COGEN
GEN3,COGEN
GEN3,COGEN
GEN3,COGEN
GEN3,COGEN
GEN3,COGEN
GEN3,COGEN
GEN3,COGEN
Many,CT-1
Many,CT-1
Many,CT-1
Many,CT-1
Many,CT-1
Many,CT-1
Many,CT-1
Many,CT-1
Many,CT-1
Many,CT-1
Many,CT-1
Many,CT-1
GEN1,CT1
GEN1,CT1
GEN1,CT1
GEN1,CT1
GEN1,CT1
GEN1,CT1
GEN1,CT1
GEN1,CT1
GEN1,CT1
GEN1,CT1
GEN1,CT1
GEN1,CT1
Many,Many
Many,Many
Many,Many
Many,Many
Many,Many
Many,Many
Many,Many
Many,Many
Many,Many
Many,Many
Many,Many
Many,Many
Many,Many
Many,Many
Many,Many
Many,Many
Many,Many
Many,Many
Many,Many
Many,Many
Many,Many
Many,Many
Many,Many
Many,Many
Many,ACC5
Many,ACC5
Many,ACC5
Many,ACC5
Many,ACC5
Many,ACC5
Many,ACC5
Many,ACC5
Many,ACC5
Many,ACC5
Many,ACC5
Many,ACC5
Many,ACC6
Many,ACC6
Many,ACC6
Many,ACC6
Many,ACC6
Many,ACC6
Many,ACC6
Many,ACC6
Many,ACC6
Many,ACC6
Many,ACC6
Many,ACC6
Many,CT
Many,CT
Many,CT
Many,CT
Many,CT
Many,CT
Many,CT
Many,CT
Many,CT
Many,CT
Many,CT
Many,CT
Many,P6CT
Many,P6CT
Many,P6CT
Many,P6CT
Many,P6CT
Many,P6CT
Many,P6CT
Many,P6CT
Many,P6CT
Many,P6CT
Many,P6CT
Many,P6CT
GEN1,Many
GEN1,Many
GEN1,Many
GEN1,Many
GEN1,Many
GEN1,Many
GEN1,Many
GEN1,Many
GEN1,Many
GEN1,Many
GEN1,Many
GEN1,Many
Many,CWS
Many,CWS
Many,CWS
Many,CWS
Many,CWS
Many,CWS
Many,CWS
Many,CWS
Many,CWS
Many,CWS
Many,CWS
Many,CWS
Many,UNIT2
Many,UNIT2
Many,UNIT2
Many,UNIT2
Many,UNIT2
Many,UNIT2
Many,UNIT2
Many,UNIT2
Many,UNIT2
Many,UNIT2
Many,UNIT2
Many,UNIT2
Many,Many
Many,Many
Many,Many
Many,Many
Many,Many
Many,Many
Many,Many
Many,Many
Many,Many
Many,Many
Many,Many
Many,Many
Many,Many
Many,Many
Many,Many
Many,Many
Many,Many
Many,Many
Many,Many
Many,Many
Many,Many
Many,Many
Many,Many
Many,Many
Many,Many
Many,Many
Many,Many
Many,Many
Many,Many
Many,Many
Many,Many
Many,Many
Many,Many
Many,Many
Many,Many
Many,Many
GEN1,TOW1
GEN1,TOW1
GEN1,TOW1
GEN1,TOW1
GEN1,TOW1
GEN1,TOW1
GEN1,TOW1
GEN1,TOW1
GEN1,TOW1
GEN1,TOW1
GEN1,TOW1
GEN1,TOW1
Many,CW5
Many,CW5
Many,CW5
Many,CW5
Many,CW5
Many,CW5
Many,CW5
Many,CW5
Many,CW5
Many,CW5
Many,CW5
Many,CW5
Many,CW6
Many,CW6
Many,CW6
Many,CW6
Many,CW6
Many,CW6
Many,CW6
Many,CW6
Many,CW6
Many,CW6
Many,CW6
Many,CW6
Many,Many
Many,Many
Many,Many
Many,Many
Many,Many
Many,Many
Many,Many
Many,Many
Many,Many
Many,Many
Many,Many
Many,Many
Many,CTOW
Many,CTOW
Many,CTOW
Many,CTOW
Many,CTOW
Many,CTOW
Many,CTOW
Many,CTOW
Many,CTOW
Many,CTOW
Many,CTOW
Many,CTOW
Many,Many
Many,Many
Many,Many
Many,Many
Many,Many
Many,Many
Many,Many
Many,Many
Many,Many
Many,Many
Many,Many
Many,Many
4TG,4CT
4TG,4CT
4TG,4CT
4TG,4CT
4TG,4CT
4TG,4CT
4TG,4CT
4TG,4CT
4TG,4CT
4TG,4CT
4TG,4CT
4TG,4CT
Many,CW-1
Many,CW-1
Many,CW-1
Many,CW-1
Many,CW-1
Many,CW-1
Many,CW-1
Many,CW-1
Many,CW-1
Many,CW-1
Many,CW-1
Many,CW-1
Many,1 HRC
Many,1 HRC
Many,1 HRC
Many,1 HRC
Many,1 HRC
Many,1 HRC
Many,1 HRC
Many,1 HRC
Many,1 HRC
Many,1 HRC
Many,1 HRC
Many,1 HRC
Many,1
Many,1
Many,1
Many,1
Many,1
Many,1
Many,1
Many,1
Many,1
Many,1
Many,1
Many,1
Many,2
Many,2
Many,2
Many,2
Many,2
Many,2
Many,2
Many,2
Many,2
Many,2
Many,2
Many,2
Many,UNIT1
Many,UNIT1
Many,UNIT1
Many,UNIT1
Many,UNIT1
Many,UNIT1
Many,UNIT1
Many,UNIT1
Many,UNIT1
Many,UNIT1
Many,UNIT1
Many,UNIT1
Many,UNIT1
Many,UNIT1
Many,UNIT1
Many,UNIT1
Many,UNIT1
Many,UNIT1
Many,UNIT1
Many,UNIT1
Many,UNIT1
Many,UNIT1
Many,UNIT1
Many,UNIT1
UNT1,ACC
UNT1,ACC
UNT1,ACC
UNT1,ACC
UNT1,ACC
UNT1,ACC
UNT1,ACC
UNT1,ACC
UNT1,ACC
UNT1,ACC
UNT1,ACC
UNT1,ACC
Many,CW1
Many,CW1
Many,CW1
Many,CW1
Many,CW1
Many,CW1
Many,CW1
Many,CW1
Many,CW1
Many,CW1
Many,CW1
Many,CW1
GEN2,CT1A
GEN2,CT1A
GEN2,CT1A
GEN2,CT1A
GEN2,CT1A
GEN2,CT1A
GEN2,CT1A
GEN2,CT1A
GEN2,CT1A
GEN2,CT1A
GEN2,CT1A
GEN2,CT1A
Many,CWS1
Many,CWS1
Many,CWS1
Many,CWS1
Many,CWS1
Many,CWS1
Many,CWS1
Many,CWS1
Many,CWS1
Many,CWS1
Many,CWS1
Many,CWS1
Many,CT1
Many,CT1
Many,CT1
Many,CT1
Many,CT1
Many,CT1
Many,CT1
Many,CT1
Many,CT1
Many,CT1
Many,CT1
Many,CT1
Many,CT2
Many,CT2
Many,CT2
Many,CT2
Many,CT2
Many,CT2
Many,CT2
Many,CT2
Many,CT2
Many,CT2
Many,CT2
Many,CT2
Many,ACC1
Many,ACC1
Many,ACC1
Many,ACC1
Many,ACC1
Many,ACC1
Many,ACC1
Many,ACC1
Many,ACC1
Many,ACC1
Many,ACC1
Many,ACC1
Many,CLTWR
Many,CLTWR
Many,CLTWR
Many,CLTWR
Many,CLTWR
Many,CLTWR
Many,CLTWR
Many,CLTWR
Many,CLTWR
Many,CLTWR
Many,CLTWR
Many,CLTWR
Many,CCW1
Many,CCW1
Many,CCW1
Many,CCW1
Many,CCW1
Many,CCW1
Many,CCW1
Many,CCW1
Many,CCW1
Many,CCW1
Many,CCW1
Many,CCW1
Many,CT
Many,CT
Many,CT
Many,CT
Many,CT
Many,CT
Many,CT
Many,CT
Many,CT
Many,CT
Many,CT
Many,CT
Many,CT
Many,CT
Many,CT
Many,CT
Many,CT
Many,CT
Many,CT
Many,CT
Many,CT
Many,CT
Many,CT
Many,CT
RHGF,AA021
RHGF,AA021
RHGF,AA021
RHGF,AA021
RHGF,AA021
RHGF,AA021
RHGF,AA021
RHGF,AA021
RHGF,AA021
RHGF,AA021
RHGF,AA021
RHGF,AA021
Many,ACC
Many,ACC
Many,ACC
Many,ACC
Many,ACC
Many,ACC
Many,ACC
Many,ACC
Many,ACC
Many,ACC
Many,ACC
Many,ACC
Many,CTOWER
Many,CTOWER
Many,CTOWER
Many,CTOWER
Many,CTOWER
Many,CTOWER
Many,CTOWER
Many,CTOWER
Many,CTOWER
Many,CTOWER
Many,CTOWER
Many,CTOWER
GE1,ACC1
GE1,ACC1
GE1,ACC1
GE1,ACC1
GE1,ACC1
GE1,ACC1
GE1,ACC1
GE1,ACC1
GE1,ACC1
GE1,ACC1
GE1,ACC1
GE1,ACC1
Many,MCT
Many,MCT
Many,MCT
Many,MCT
Many,MCT
Many,MCT
Many,MCT
Many,MCT
Many,MCT
Many,MCT
Many,MCT
Many,MCT
Many,CIRC
Many,CIRC
Many,CIRC
Many,CIRC
Many,CIRC
Many,CIRC
Many,CIRC
Many,CIRC
Many,CIRC
Many,CIRC
Many,CIRC
Many,CIRC
Many,CIRC
Many,CIRC
Many,CIRC
Many,CIRC
Many,CIRC
Many,CIRC
Many,CIRC
Many,CIRC
Many,CIRC
Many,CIRC
Many,CIRC
Many,CIRC
Many,53E002
Many,53E002
Many,53E002
Many,53E002
Many,53E002
Many,53E002
Many,53E002
Many,53E002
Many,53E002
Many,53E002
Many,53E002
Many,53E002
STK1,ACC1
STK1,ACC1
STK1,ACC1
STK1,ACC1
STK1,ACC1
STK1,ACC1
STK1,ACC1
STK1,ACC1
STK1,ACC1
STK1,ACC1
STK1,ACC1
STK1,ACC1
STK2,ACC2
STK2,ACC2
STK2,ACC2
STK2,ACC2
STK2,ACC2
STK2,ACC2
STK2,ACC2
STK2,ACC2
STK2,ACC2
STK2,ACC2
STK2,ACC2
STK2,ACC2
STK3,ACC3
STK3,ACC3
STK3,ACC3
STK3,ACC3
STK3,ACC3
STK3,ACC3
STK3,ACC3
STK3,ACC3
STK3,ACC3
STK3,ACC3
STK3,ACC3
STK3,ACC3
STK4,ACC4
STK4,ACC4
STK4,ACC4
STK4,ACC4
STK4,ACC4
STK4,ACC4
STK4,ACC4
STK4,ACC4
STK4,ACC4
STK4,ACC4
STK4,ACC4
STK4,ACC4
STK5,ACC5
STK5,ACC5
STK5,ACC5
STK5,ACC5
STK5,ACC5
STK5,ACC5
STK5,ACC5
STK5,ACC5
STK5,ACC5
STK5,ACC5
STK5,ACC5
STK5,ACC5
STK6,ACC6
STK6,ACC6
STK6,ACC6
STK6,ACC6
STK6,ACC6
STK6,ACC6
STK6,ACC6
STK6,ACC6
STK6,ACC6
STK6,ACC6
STK6,ACC6
STK6,ACC6
Many,TOW1
Many,TOW1
Many,TOW1
Many,TOW1
Many,TOW1
Many,TOW1
Many,TOW1
Many,TOW1
Many,TOW1
Many,TOW1
Many,TOW1
Many,TOW1
Many,TOW2
Many,TOW2
Many,TOW2
Many,TOW2
Many,TOW2
Many,TOW2
Many,TOW2
Many,TOW2
Many,TOW2
Many,TOW2
Many,TOW2
Many,TOW2
Many,CT-001
Many,CT-001
Many,CT-001
Many,CT-001
Many,CT-001
Many,CT-001
Many,CT-001
Many,CT-001
Many,CT-001
Many,CT-001
Many,CT-001
Many,CT-001
Many,COOL1
Many,COOL1
Many,COOL1
Many,COOL1
Many,COOL1
Many,COOL1
Many,COOL1
Many,COOL1
Many,COOL1
Many,COOL1
Many,COOL1
Many,COOL1
Many,CT1
Many,CT1
Many,CT1
Many,CT1
Many,CT1
Many,CT1
Many,CT1
Many,CT1
Many,CT1
Many,CT1
Many,CT1
Many,CT1
Many,ACC
Many,ACC
Many,ACC
Many,ACC
Many,ACC
Many,ACC
Many,ACC
Many,ACC
Many,ACC
Many,ACC
Many,ACC
Many,ACC
Many,RSC
Many,RSC
Many,RSC
Many,RSC
Many,RSC
Many,RSC
Many,RSC
Many,RSC
Many,RSC
Many,RSC
Many,RSC
Many,RSC
Many,CT
Many,CT
Many,CT
Many,CT
Many,CT
Many,CT
Many,CT
Many,CT
Many,CT
Many,CT
Many,CT
Many,CT
Many,CT
Many,CT
Many,CT
Many,CT
Many,CT
Many,CT
Many,CT
Many,CT
Many,CT
Many,CT
Many,CT
Many,CT
Many,CA90
Many,CA90
Many,CA90
Many,CA90
Many,CA90
Many,CA90
Many,CA90
Many,CA90
Many,CA90
Many,CA90
Many,CA90
Many,CA90
Many,HRC
Many,HRC
Many,HRC
Many,HRC
Many,HRC
Many,HRC
Many,HRC
Many,HRC
Many,HRC
Many,HRC
Many,HRC
Many,HRC
Many,Many
Many,Many
Many,Many
Many,Many
Many,Many
Many,Many
Many,Many
Many,Many
Many,Many
Many,Many
Many,Many
Many,Many
Many,CLTWR
Many,CLTWR
Many,CLTWR
Many,CLTWR
Many,CLTWR
Many,CLTWR
Many,CLTWR
Many,CLTWR
Many,CLTWR
Many,CLTWR
Many,CLTWR
Many,CLTWR
Many,CIRC
Many,CIRC
Many,CIRC
Many,CIRC
Many,CIRC
Many,CIRC
Many,CIRC
Many,CIRC
Many,CIRC
Many,CIRC
Many,CIRC
Many,CIRC
Many,CIRC1
Many,CIRC1
Many,CIRC1
Many,CIRC1
Many,CIRC1
Many,CIRC1
Many,CIRC1
Many,CIRC1
Many,CIRC1
Many,CIRC1
Many,CIRC1
Many,CIRC1
U1,ACC1
U1,ACC1
U1,ACC1
U1,ACC1
U1,ACC1
U1,ACC1
U1,ACC1
U1,ACC1
U1,ACC1
U1,ACC1
U1,ACC1
U1,ACC1
U2,ACC2
U2,ACC2
U2,ACC2
U2,ACC2
U2,ACC2
U2,ACC2
U2,ACC2
U2,ACC2
U2,ACC2
U2,ACC2
U2,ACC2
U2,ACC2
U3,CT3
U3,CT3
U3,CT3
U3,CT3
U3,CT3
U3,CT3
U3,CT3
U3,CT3
U3,CT3
U3,CT3
U3,CT3
U3,CT3
U4,CT4
U4,CT4
U4,CT4
U4,CT4
U4,CT4
U4,CT4
U4,CT4
U4,CT4
U4,CT4
U4,CT4
U4,CT4
U4,CT4
Many,UNIT1
Many,UNIT1
Many,UNIT1
Many,UNIT1
Many,UNIT1
Many,UNIT1
Many,UNIT1
Many,UNIT1
Many,UNIT1
Many,UNIT1
Many,UNIT1
Many,UNIT1
Many,UNIT2
Many,UNIT2
Many,UNIT2
Many,UNIT2
Many,UNIT2
Many,UNIT2
Many,UNIT2
Many,UNIT2
Many,UNIT2
Many,UNIT2
Many,UNIT2
Many,UNIT2
Many,UNIT3
Many,UNIT3
Many,UNIT3
Many,UNIT3
Many,UNIT3
Many,UNIT3
Many,UNIT3
Many,UNIT3
Many,UNIT3
Many,UNIT3
Many,UNIT3
Many,UNIT3
U1,UNIT1
U1,UNIT1
U1,UNIT1
U1,UNIT1
U1,UNIT1
U1,UNIT1
U1,UNIT1
U1,UNIT1
U1,UNIT1
U1,UNIT1
U1,UNIT1
U1,UNIT1
U2,UNIT2
U2,UNIT2
U2,UNIT2
U2,UNIT2
U2,UNIT2
U2,UNIT2
U2,UNIT2
U2,UNIT2
U2,UNIT2
U2,UNIT2
U2,UNIT2
U2,UNIT2
U3,UNIT3
U3,UNIT3
U3,UNIT3
U3,UNIT3
U3,UNIT3
U3,UNIT3
U3,UNIT3
U3,UNIT3
U3,UNIT3
U3,UNIT3
U3,UNIT3
U3,UNIT3
Many,TWR1
Many,TWR1
Many,TWR1
Many,TWR1
Many,TWR1
Many,TWR1
Many,TWR1
Many,TWR1
Many,TWR1
Many,TWR1
Many,TWR1
Many,TWR1
Many,TWR2
Many,TWR2
Many,TWR2
Many,TWR2
Many,TWR2
Many,TWR2
Many,TWR2
Many,TWR2
Many,TWR2
Many,TWR2
Many,TWR2
Many,TWR2
Many,CT1
Many,CT1
Many,CT1
Many,CT1
Many,CT1
Many,CT1
Many,CT1
Many,CT1
Many,CT1
Many,CT1
Many,CT1
Many,CT1
Many,CT2
Many,CT2
Many,CT2
Many,CT2
Many,CT2
Many,CT2
Many,CT2
Many,CT2
Many,CT2
Many,CT2
Many,CT2
Many,CT2
Many,1
Many,1
Many,1
Many,1
Many,1
Many,1
Many,1
Many,1
Many,1
Many,1
Many,1
Many,1
Many,CTOWER
Many,CTOWER
Many,CTOWER
Many,CTOWER
Many,CTOWER
Many,CTOWER
Many,CTOWER
Many,CTOWER
Many,CTOWER
Many,CTOWER
Many,CTOWER
Many,CTOWER
Many,PLANT
Many,PLANT
Many,PLANT
Many,PLANT
Many,PLANT
Many,PLANT
Many,PLANT
Many,PLANT
Many,PLANT
Many,PLANT
Many,PLANT
Many,PLANT
Many,COOL5
Many,COOL5
Many,COOL5
Many,COOL5
Many,COOL5
Many,COOL5
Many,COOL5
Many,COOL5
Many,COOL5
Many,COOL5
Many,COOL5
Many,COOL5
Many,CT 1
Many,CT 1
Many,CT 1
Many,CT 1
Many,CT 1
Many,CT 1
Many,CT 1
Many,CT 1
Many,CT 1
Many,CT 1
Many,CT 1
Many,CT 1
Many,CT 2
Many,CT 2
Many,CT 2
Many,CT 2
Many,CT 2
Many,CT 2
Many,CT 2
Many,CT 2
Many,CT 2
Many,CT 2
Many,CT 2
Many,CT 2
Many,GEA CT
Many,GEA CT
Many,GEA CT
Many,GEA CT
Many,GEA CT
Many,GEA CT
Many,GEA CT
Many,GEA CT
Many,GEA CT
Many,GEA CT
Many,GEA CT
Many,GEA CT
Many,CW
Many,CW
Many,CW
Many,CW
Many,CW
Many,CW
Many,CW
Many,CW
Many,CW
Many,CW
Many,CW
Many,CW
Many,CT
Many,CT
Many,CT
Many,CT
Many,CT
Many,CT
Many,CT
Many,CT
Many,CT
Many,CT
Many,CT
Many,CT
Many,UNIT1
Many,UNIT1
Many,UNIT1
Many,UNIT1
Many,UNIT1
Many,UNIT1
Many,UNIT1
Many,UNIT1
Many,UNIT1
Many,UNIT1
Many,UNIT1
Many,UNIT1
Many,HRC
Many,HRC
Many,HRC
Many,HRC
Many,HRC
Many,HRC
Many,HRC
Many,HRC
Many,HRC
Many,HRC
Many,HRC
Many,HRC
Many,CW-10
Many,CW-10
Many,CW-10
Many,CW-10
Many,CW-10
Many,CW-10
Many,CW-10
Many,CW-10
Many,CW-10
Many,CW-10
Many,CW-10
Many,CW-10
Many,CW-20
Many,CW-20
Many,CW-20
Many,CW-20
Many,CW-20
Many,CW-20
Many,CW-20
Many,CW-20
Many,CW-20
Many,CW-20
Many,CW-20
Many,CW-20
Many,Many
Many,Many
Many,Many
Many,Many
Many,Many
Many,Many
Many,Many
Many,Many
Many,Many
Many,Many
Many,Many
Many,Many
Many,CW1
Many,CW1
Many,CW1
Many,CW1
Many,CW1
Many,CW1
Many,CW1
Many,CW1
Many,CW1
Many,CW1
Many,CW1
Many,CW1
Many,1
Many,1
Many,1
Many,1
Many,1
Many,1
Many,1
Many,1
Many,1
Many,1
Many,1
Many,1
Many,UNIT 1
Many,UNIT 1
Many,UNIT 1
Many,UNIT 1
Many,UNIT 1
Many,UNIT 1
Many,UNIT 1
Many,UNIT 1
Many,UNIT 1
Many,UNIT 1
Many,UNIT 1
Many,UNIT 1
Many,UNIT 2
Many,UNIT 2
Many,UNIT 2
Many,UNIT 2
Many,UNIT 2
Many,UNIT 2
Many,UNIT 2
Many,UNIT 2
Many,UNIT 2
Many,UNIT 2
Many,UNIT 2
Many,UNIT 2
Many,UNIT 3
Many,UNIT 3
Many,UNIT 3
Many,UNIT 3
Many,UNIT 3
Many,UNIT 3
Many,UNIT 3
Many,UNIT 3
Many,UNIT 3
Many,UNIT 3
Many,UNIT 3
Many,UNIT 3
Many,CW
Many,CW
Many,CW
Many,CW
Many,CW
Many,CW
Many,CW
Many,CW
Many,CW
Many,CW
Many,CW
Many,CW
Many,1
Many,1
Many,1
Many,1
Many,1
Many,1
Many,1
Many,1
Many,1
Many,1
Many,1
Many,1
U1,DC1
U1,DC1
U1,DC1
U1,DC1
U1,DC1
U1,DC1
U1,DC1
U1,DC1
U1,DC1
U1,DC1
U1,DC1
U1,DC1
U2,DC2
U2,DC2
U2,DC2
U2,DC2
U2,DC2
U2,DC2
U2,DC2
U2,DC2
U2,DC2
U2,DC2
U2,DC2
U2,DC2
U1,U1
U1,U1
U1,U1
U1,U1
U1,U1
U1,U1
U1,U1
U1,U1
U1,U1
U1,U1
U1,U1
U1,U1
U2,U2
U2,U2
U2,U2
U2,U2
U2,U2
U2,U2
U2,U2
U2,U2
U2,U2
U2,U2
U2,U2
U2,U2
Many,CTW1
Many,CTW1
Many,CTW1
Many,CTW1
Many,CTW1
Many,CTW1
Many,CTW1
Many,CTW1
Many,CTW1
Many,CTW1
Many,CTW1
Many,CTW1
Many,CTW2
Many,CTW2
Many,CTW2
Many,CTW2
Many,CTW2
Many,CTW2
Many,CTW2
Many,CTW2
Many,CTW2
Many,CTW2
Many,CTW2
Many,CTW2
Many,CT
Many,CT
Many,CT
Many,CT
Many,CT
Many,CT
Many,CT
Many,CT
Many,CT
Many,CT
Many,CT
Many,CT
Many,CW
Many,CW
Many,CW
Many,CW
Many,CW
Many,CW
Many,CW
Many,CW
Many,CW
Many,CW
Many,CW
Many,CW
Many,BOP
Many,BOP
Many,BOP
Many,BOP
Many,BOP
Many,BOP
Many,BOP
Many,BOP
Many,BOP
Many,BOP
Many,BOP
Many,BOP
Many,COOLTW
Many,COOLTW
Many,COOLTW
Many,COOLTW
Many,COOLTW
Many,COOLTW
Many,COOLTW
Many,COOLTW
Many,COOLTW
Many,COOLTW
Many,COOLTW
Many,COOLTW
Many,CT1
Many,CT1
Many,CT1
Many,CT1
Many,CT1
Many,CT1
Many,CT1
Many,CT1
Many,CT1
Many,CT1
Many,CT1
Many,CT1
Many,Many
Many,Many
Many,Many
Many,Many
Many,Many
Many,Many
Many,Many
Many,Many
Many,Many
Many,Many
Many,Many
Many,Many
Many,1
Many,1
Many,1
Many,1
Many,1
Many,1
Many,1
Many,1
Many,1
Many,1
Many,1
Many,1
Many,2
Many,2
Many,2
Many,2
Many,2
Many,2
Many,2
Many,2
Many,2
Many,2
Many,2
Many,2
Many,CTW1
Many,CTW1
Many,CTW1
Many,CTW1
Many,CTW1
Many,CTW1
Many,CTW1
Many,CTW1
Many,CTW1
Many,CTW1
Many,CTW1
Many,CTW1
Many,CTW2
Many,CTW2
Many,CTW2
Many,CTW2
Many,CTW2
Many,CTW2
Many,CTW2
Many,CTW2
Many,CTW2
Many,CTW2
Many,CTW2
Many,CTW2
Many,CT
Many,CT
Many,CT
Many,CT
Many,CT
Many,CT
Many,CT
Many,CT
Many,CT
Many,CT
Many,CT
Many,CT
Many,TOWER
Many,TOWER
Many,TOWER
Many,TOWER
Many,TOWER
Many,TOWER
Many,TOWER
Many,TOWER
Many,TOWER
Many,TOWER
Many,TOWER
Many,TOWER
Many,CT
Many,CT
Many,CT
Many,CT
Many,CT
Many,CT
Many,CT
Many,CT
Many,CT
Many,CT
Many,CT
Many,CT
Many,Many
Many,Many
Many,Many
Many,Many
Many,Many
Many,Many
Many,Many
Many,Many
Many,Many
Many,Many
Many,Many
Many,Many
Many,COOLTW
Many,COOLTW
Many,COOLTW
Many,COOLTW
Many,COOLTW
Many,COOLTW
Many,COOLTW
Many,COOLTW
Many,COOLTW
Many,COOLTW
Many,COOLTW
Many,COOLTW
Many,CLTWR
Many,CLTWR
Many,CLTWR
Many,CLTWR
Many,CLTWR
Many,CLTWR
Many,CLTWR
Many,CLTWR
Many,CLTWR
Many,CLTWR
Many,CLTWR
Many,CLTWR
Many,CT
Many,CT
Many,CT
Many,CT
Many,CT
Many,CT
Many,CT
Many,CT
Many,CT
Many,CT
Many,CT
Many,CT
Many,3
Many,3
Many,3
Many,3
Many,3
Many,3
Many,3
Many,3
Many,3
Many,3
Many,3
Many,3
Many,CWS
Many,CWS
Many,CWS
Many,CWS
Many,CWS
Many,CWS
Many,CWS
Many,CWS
Many,CWS
Many,CWS
Many,CWS
Many,CWS
Many,CWS
Many,CWS
Many,CWS
Many,CWS
Many,CWS
Many,CWS
Many,CWS
Many,CWS
Many,CWS
Many,CWS
Many,CWS
Many,CWS
Many,CIRC
Many,CIRC
Many,CIRC
Many,CIRC
Many,CIRC
Many,CIRC
Many,CIRC
Many,CIRC
Many,CIRC
Many,CIRC
Many,CIRC
Many,CIRC
Many,COOL1
Many,COOL1
Many,COOL1
Many,COOL1
Many,COOL1
Many,COOL1
Many,COOL1
Many,COOL1
Many,COOL1
Many,COOL1
Many,COOL1
Many,COOL1
Many,Many
Many,Many
Many,Many
Many,Many
Many,Many
Many,Many
Many,Many
Many,Many
Many,Many
Many,Many
Many,Many
Many,Many
Many,BLK1CS
Many,BLK1CS
Many,BLK1CS
Many,BLK1CS
Many,BLK1CS
Many,BLK1CS
Many,BLK1CS
Many,BLK1CS
Many,BLK1CS
Many,BLK1CS
Many,BLK1CS
Many,BLK1CS
Many,BLK2CS
Many,BLK2CS
Many,BLK2CS
Many,BLK2CS
Many,BLK2CS
Many,BLK2CS
Many,BLK2CS
Many,BLK2CS
Many,BLK2CS
Many,BLK2CS
Many,BLK2CS
Many,BLK2CS
Many,CT
Many,CT
Many,CT
Many,CT
Many,CT
Many,CT
Many,CT
Many,CT
Many,CT
Many,CT
Many,CT
Many,CT
Many,CT-4
Many,CT-4
Many,CT-4
Many,CT-4
Many,CT-4
Many,CT-4
Many,CT-4
Many,CT-4
Many,CT-4
Many,CT-4
Many,CT-4
Many,CT-4
Many,53E001
Many,53E001
Many,53E001
Many,53E001
Many,53E001
Many,53E001
Many,53E001
Many,53E001
Many,53E001
Many,53E001
Many,53E001
Many,53E001
Many,15
Many,15
Many,15
Many,15
Many,15
Many,15
Many,15
Many,15
Many,15
Many,15
Many,15
Many,15
Many,CWS
Many,CWS
Many,CWS
Many,CWS
Many,CWS
Many,CWS
Many,CWS
Many,CWS
Many,CWS
Many,CWS
Many,CWS
Many,CWS
Many,PAB
Many,PAB
Many,PAB
Many,PAB
Many,PAB
Many,PAB
Many,PAB
Many,PAB
Many,PAB
Many,PAB
Many,PAB
Many,PAB
Many,ACC1
Many,ACC1
Many,ACC1
Many,ACC1
Many,ACC1
Many,ACC1
Many,ACC1
Many,ACC1
Many,ACC1
Many,ACC1
Many,ACC1
Many,ACC1
Many,ACC2
Many,ACC2
Many,ACC2
Many,ACC2
Many,ACC2
Many,ACC2
Many,ACC2
Many,ACC2
Many,ACC2
Many,ACC2
Many,ACC2
Many,ACC2
Many,CT
Many,CT
Many,CT
Many,CT
Many,CT
Many,CT
Many,CT
Many,CT
Many,CT
Many,CT
Many,CT
Many,CT
Many,CWS1
Many,CWS1
Many,CWS1
Many,CWS1
Many,CWS1
Many,CWS1
Many,CWS1
Many,CWS1
Many,CWS1
Many,CWS1
Many,CWS1
Many,CWS1
Many,CT
Many,CT
Many,CT
Many,CT
Many,CT
Many,CT
Many,CT
Many,CT
Many,CT
Many,CT
Many,CT
Many,CT
Many,CIRC
Many,CIRC
Many,CIRC
Many,CIRC
Many,CIRC
Many,CIRC
Many,CIRC
Many,CIRC
Many,CIRC
Many,CIRC
Many,CIRC
Many,CIRC
Many,CW001
Many,CW001
Many,CW001
Many,CW001
Many,CW001
Many,CW001
Many,CW001
Many,CW001
Many,CW001
Many,CW001
Many,CW001
Many,CW001
Many,2
Many,2
Many,2
Many,2
Many,2
Many,2
Many,2
Many,2
Many,2
Many,2
Many,2
Many,2
Many,1
Many,1
Many,1
Many,1
Many,1
Many,1
Many,1
Many,1
Many,1
Many,1
Many,1
Many,1
Many,ACC1
Many,ACC1
Many,ACC1
Many,ACC1
Many,ACC1
Many,ACC1
Many,ACC1
Many,ACC1
Many,ACC1
Many,ACC1
Many,ACC1
Many,ACC1
Many,CLTWRS
Many,CLTWRS
Many,CLTWRS
Many,CLTWRS
Many,CLTWRS
Many,CLTWRS
Many,CLTWRS
Many,CLTWRS
Many,CLTWRS
Many,CLTWRS
Many,CLTWRS
Many,CLTWRS
Many,CT1
Many,CT1
Many,CT1
Many,CT1
Many,CT1
Many,CT1
Many,CT1
Many,CT1
Many,CT1
Many,CT1
Many,CT1
Many,CT1
Many,110CLG
Many,110CLG
Many,110CLG
Many,110CLG
Many,110CLG
Many,110CLG
Many,110CLG
Many,110CLG
Many,110CLG
Many,110CLG
Many,110CLG
Many,110CLG
Many,120CLG
Many,120CLG
Many,120CLG
Many,120CLG
Many,120CLG
Many,120CLG
Many,120CLG
Many,120CLG
Many,120CLG
Many,120CLG
Many,120CLG
Many,120CLG
Many,130CLG
Many,130CLG
Many,130CLG
Many,130CLG
Many,130CLG
Many,130CLG
Many,130CLG
Many,130CLG
Many,130CLG
Many,130CLG
Many,130CLG
Many,130CLG
Many,140CLG
Many,140CLG
Many,140CLG
Many,140CLG
Many,140CLG
Many,140CLG
Many,140CLG
Many,140CLG
Many,140CLG
Many,140CLG
Many,140CLG
Many,140CLG
Many,CW
Many,CW
Many,CW
Many,CW
Many,CW
Many,CW
Many,CW
Many,CW
Many,CW
Many,CW
Many,CW
Many,CW
Many,CTA&B
Many,CTA&B
Many,CTA&B
Many,CTA&B
Many,CTA&B
Many,CTA&B
Many,CTA&B
Many,CTA&B
Many,CTA&B
Many,CTA&B
Many,CTA&B
Many,CTA&B
Many,ACC1
Many,ACC1
Many,ACC1
Many,ACC1
Many,ACC1
Many,ACC1
Many,ACC1
Many,ACC1
Many,ACC1
Many,ACC1
Many,ACC1
Many,ACC1
Many,CT-1
Many,CT-1
Many,CT-1
Many,CT-1
Many,CT-1
Many,CT-1
Many,CT-1
Many,CT-1
Many,CT-1
Many,CT-1
Many,CT-1
Many,CT-1
Many,CT-2
Many,CT-2
Many,CT-2
Many,CT-2
Many,CT-2
Many,CT-2
Many,CT-2
Many,CT-2
Many,CT-2
Many,CT-2
Many,CT-2
Many,CT-2
Many,CT-3
Many,CT-3
Many,CT-3
Many,CT-3
Many,CT-3
Many,CT-3
Many,CT-3
Many,CT-3
Many,CT-3
Many,CT-3
Many,CT-3
Many,CT-3
Many,CT-4
Many,CT-4
Many,CT-4
Many,CT-4
Many,CT-4
Many,CT-4
Many,CT-4
Many,CT-4
Many,CT-4
Many,CT-4
Many,CT-4
Many,CT-4
Many,Many
Many,Many
Many,Many
Many,Many
Many,Many
Many,Many
Many,Many
Many,Many
Many,Many
Many,Many
Many,Many
Many,Many
Many,CT
Many,CT
Many,CT
Many,CT
Many,CT
Many,CT
Many,CT
Many,CT
Many,CT
Many,CT
Many,CT
Many,CT
Many,CLGTWR
Many,CLGTWR
Many,CLGTWR
Many,CLGTWR
Many,CLGTWR
Many,CLGTWR
Many,CLGTWR
Many,CLGTWR
Many,CLGTWR
Many,CLGTWR
Many,CLGTWR
Many,CLGTWR
Many,CW
Many,CW
Many,CW
Many,CW
Many,CW
Many,CW
Many,CW
Many,CW
Many,CW
Many,CW
Many,CW
Many,CW
Many,CW
Many,CW
Many,CW
Many,CW
Many,CW
Many,CW
Many,CW
Many,CW
Many,CW
Many,CW
Many,CW
Many,CW
Many,CTW
Many,CTW
Many,CTW
Many,CTW
Many,CTW
Many,CTW
Many,CTW
Many,CTW
Many,CTW
Many,CTW
Many,CTW
Many,CTW
Many,UNIT 1
Many,UNIT 1
Many,UNIT 1
Many,UNIT 1
Many,UNIT 1
Many,UNIT 1
Many,UNIT 1
Many,UNIT 1
Many,UNIT 1
Many,UNIT 1
Many,UNIT 1
Many,UNIT 1
Many,UNIT 2
Many,UNIT 2
Many,UNIT 2
Many,UNIT 2
Many,UNIT 2
Many,UNIT 2
Many,UNIT 2
Many,UNIT 2
Many,UNIT 2
Many,UNIT 2
Many,UNIT 2
Many,UNIT 2
Many,UNIT 3
Many,UNIT 3
Many,UNIT 3
Many,UNIT 3
Many,UNIT 3
Many,UNIT 3
Many,UNIT 3
Many,UNIT 3
Many,UNIT 3
Many,UNIT 3
Many,UNIT 3
Many,UNIT 3
Many,CTW
Many,CTW
Many,CTW
Many,CTW
Many,CTW
Many,CTW
Many,CTW
Many,CTW
Many,CTW
Many,CTW
Many,CTW
Many,CTW
Many,CT
Many,CT
Many,CT
Many,CT
Many,CT
Many,CT
Many,CT
Many,CT
Many,CT
Many,CT
Many,CT
Many,CT
Many,CT
Many,CT
Many,CT
Many,CT
Many,CT
Many,CT
Many,CT
Many,CT
Many,CT
Many,CT
Many,CT
Many,CT
Many,1CW
Many,1CW
Many,1CW
Many,1CW
Many,1CW
Many,1CW
Many,1CW
Many,1CW
Many,1CW
Many,1CW
Many,1CW
Many,1CW
Many,P3CT
Many,P3CT
Many,P3CT
Many,P3CT
Many,P3CT
Many,P3CT
Many,P3CT
Many,P3CT
Many,P3CT
Many,P3CT
Many,P3CT
Many,P3CT
Many,CLTWR
Many,CLTWR
Many,CLTWR
Many,CLTWR
Many,CLTWR
Many,CLTWR
Many,CLTWR
Many,CLTWR
Many,CLTWR
Many,CLTWR
Many,CLTWR
Many,CLTWR
Many,CLTWR
Many,CLTWR
Many,CLTWR
Many,CLTWR
Many,CLTWR
Many,CLTWR
Many,CLTWR
Many,CLTWR
Many,CLTWR
Many,CLTWR
Many,CLTWR
Many,CLTWR
Many,Many
Many,Many
Many,Many
Many,Many
Many,Many
Many,Many
Many,Many
Many,Many
Many,Many
Many,Many
Many,Many
Many,Many
Many,CTWR-1
Many,CTWR-1
Many,CTWR-1
Many,CTWR-1
Many,CTWR-1
Many,CTWR-1
Many,CTWR-1
Many,CTWR-1
Many,CTWR-1
Many,CTWR-1
Many,CTWR-1
Many,CTWR-1
Many,CTWR-2
Many,CTWR-2
Many,CTWR-2
Many,CTWR-2
Many,CTWR-2
Many,CTWR-2
Many,CTWR-2
Many,CTWR-2
Many,CTWR-2
Many,CTWR-2
Many,CTWR-2
Many,CTWR-2
Many,CT
Many,CT
Many,CT
Many,CT
Many,CT
Many,CT
Many,CT
Many,CT
Many,CT
Many,CT
Many,CT
Many,CT
Many,ACC1
Many,ACC1
Many,ACC1
Many,ACC1
Many,ACC1
Many,ACC1
Many,ACC1
Many,ACC1
Many,ACC1
Many,ACC1
Many,ACC1
Many,ACC1
Many,Many
Many,Many
Many,Many
Many,Many
Many,Many
Many,Many
Many,Many
Many,Many
Many,Many
Many,Many
Many,Many
Many,Many
Many,CT
Many,CT
Many,CT
Many,CT
Many,CT
Many,CT
Many,CT
Many,CT
Many,CT
Many,CT
Many,CT
Many,CT
Many,UNIT1
Many,UNIT1
Many,UNIT1
Many,UNIT1
Many,UNIT1
Many,UNIT1
Many,UNIT1
Many,UNIT1
Many,UNIT1
Many,UNIT1
Many,UNIT1
Many,UNIT1
Many,UNIT2
Many,UNIT2
Many,UNIT2
Many,UNIT2
Many,UNIT2
Many,UNIT2
Many,UNIT2
Many,UNIT2
Many,UNIT2
Many,UNIT2
Many,UNIT2
Many,UNIT2
Many,UNIT3
Many,UNIT3
Many,UNIT3
Many,UNIT3
Many,UNIT3
Many,UNIT3
Many,UNIT3
Many,UNIT3
Many,UNIT3
Many,UNIT3
Many,UNIT3
Many,UNIT3
Many,CT805
Many,CT805
Many,CT805
Many,CT805
Many,CT805
Many,CT805
Many,CT805
Many,CT805
Many,CT805
Many,CT805
Many,CT805
Many,CT805
Many,C TOW1
Many,C TOW1
Many,C TOW1
Many,C TOW1
Many,C TOW1
Many,C TOW1
Many,C TOW1
Many,C TOW1
Many,C TOW1
Many,C TOW1
Many,C TOW1
Many,C TOW1
Many,C TOW2
Many,C TOW2
Many,C TOW2
Many,C TOW2
Many,C TOW2
Many,C TOW2
Many,C TOW2
Many,C TOW2
Many,C TOW2
Many,C TOW2
Many,C TOW2
Many,C TOW2
Many,2
Many,2
Many,2
Many,2
Many,2
Many,2
Many,2
Many,2
Many,2
Many,2
Many,2
Many,2
Many,MAIN
Many,MAIN
Many,MAIN
Many,MAIN
Many,MAIN
Many,MAIN
Many,MAIN
Many,MAIN
Many,MAIN
Many,MAIN
Many,MAIN
Many,MAIN
Many,CLTWR1
Many,CLTWR1
Many,CLTWR1
Many,CLTWR1
Many,CLTWR1
Many,CLTWR1
Many,CLTWR1
Many,CLTWR1
Many,CLTWR1
Many,CLTWR1
Many,CLTWR1
Many,CLTWR1
Many,CLTWR2
Many,CLTWR2
Many,CLTWR2
Many,CLTWR2
Many,CLTWR2
Many,CLTWR2
Many,CLTWR2
Many,CLTWR2
Many,CLTWR2
Many,CLTWR2
Many,CLTWR2
Many,CLTWR2
Many,Many
Many,Many
Many,Many
Many,Many
Many,Many
Many,Many
Many,Many
Many,Many
Many,Many
Many,Many
Many,Many
Many,Many
Many,CW1
Many,CW1
Many,CW1
Many,CW1
Many,CW1
Many,CW1
Many,CW1
Many,CW1
Many,CW1
Many,CW1
Many,CW1
Many,CW1
Many,ACC1
Many,ACC1
Many,ACC1
Many,ACC1
Many,ACC1
Many,ACC1
Many,ACC1
Many,ACC1
Many,ACC1
Many,ACC1
Many,ACC1
Many,ACC1
Many,CW
Many,CW
Many,CW
Many,CW
Many,CW
Many,CW
Many,CW
Many,CW
Many,CW
Many,CW
Many,CW
Many,CW
Many,CIRC
Many,CIRC
Many,CIRC
Many,CIRC
Many,CIRC
Many,CIRC
Many,CIRC
Many,CIRC
Many,CIRC
Many,CIRC
Many,CIRC
Many,CIRC
Many,CWS
Many,CWS
Many,CWS
Many,CWS
Many,CWS
Many,CWS
Many,CWS
Many,CWS
Many,CWS
Many,CWS
Many,CWS
Many,CWS
Many,CTOWER
Many,CTOWER
Many,CTOWER
Many,CTOWER
Many,CTOWER
Many,CTOWER
Many,CTOWER
Many,CTOWER
Many,CTOWER
Many,CTOWER
Many,CTOWER
Many,CTOWER
Many,1
Many,1
Many,1
Many,1
Many,1
Many,1
Many,1
Many,1
Many,1
Many,1
Many,1
Many,1
Many,CWS
Many,CWS
Many,CWS
Many,CWS
Many,CWS
Many,CWS
Many,CWS
Many,CWS
Many,CWS
Many,CWS
Many,CWS
Many,CWS
Many,CWT02
Many,CWT02
Many,CWT02
Many,CWT02
Many,CWT02
Many,CWT02
Many,CWT02
Many,CWT02
Many,CWT02
Many,CWT02
Many,CWT02
Many,CWT02
Many,CWT01
Many,CWT01
Many,CWT01
Many,CWT01
Many,CWT01
Many,CWT01
Many,CWT01
Many,CWT01
Many,CWT01
Many,CWT01
Many,CWT01
Many,CWT01
Many,TOW
Many,TOW
Many,TOW
Many,TOW
Many,TOW
Many,TOW
Many,TOW
Many,TOW
Many,TOW
Many,TOW
Many,TOW
Many,TOW
Many,ACC1
Many,ACC1
Many,ACC1
Many,ACC1
Many,ACC1
Many,ACC1
Many,ACC1
Many,ACC1
Many,ACC1
Many,ACC1
Many,ACC1
Many,ACC1
Many,CWS
Many,CWS
Many,CWS
Many,CWS
Many,CWS
Many,CWS
Many,CWS
Many,CWS
Many,CWS
Many,CWS
Many,CWS
Many,CWS
Many,CS1
Many,CS1
Many,CS1
Many,CS1
Many,CS1
Many,CS1
Many,CS1
Many,CS1
Many,CS1
Many,CS1
Many,CS1
Many,CS1
Many,ACC
Many,ACC
Many,ACC
Many,ACC
Many,ACC
Many,ACC
Many,ACC
Many,ACC
Many,ACC
Many,ACC
Many,ACC
Many,ACC
Many,CWS
Many,CWS
Many,CWS
Many,CWS
Many,CWS
Many,CWS
Many,CWS
Many,CWS
Many,CWS
Many,CWS
Many,CWS
Many,CWS
Many,CLGTWR
Many,CLGTWR
Many,CLGTWR
Many,CLGTWR
Many,CLGTWR
Many,CLGTWR
Many,CLGTWR
Many,CLGTWR
Many,CLGTWR
Many,CLGTWR
Many,CLGTWR
Many,CLGTWR
Many,1CLG
Many,1CLG
Many,1CLG
Many,1CLG
Many,1CLG
Many,1CLG
Many,1CLG
Many,1CLG
Many,1CLG
Many,1CLG
Many,1CLG
Many,1CLG
Many,CWS01
Many,CWS01
Many,CWS01
Many,CWS01
Many,CWS01
Many,CWS01
Many,CWS01
Many,CWS01
Many,CWS01
Many,CWS01
Many,CWS01
Many,CWS01
Many,ACC
Many,ACC
Many,ACC
Many,ACC
Many,ACC
Many,ACC
Many,ACC
Many,ACC
Many,ACC
Many,ACC
Many,ACC
Many,ACC
STG4,COOL1
STG4,COOL1
STG4,COOL1
STG4,COOL1
STG4,COOL1
STG4,COOL1
STG4,COOL1
STG4,COOL1
STG4,COOL1
STG4,COOL1
STG4,COOL1
STG4,COOL1
Many,1
Many,1
Many,1
Many,1
Many,1
Many,1
Many,1
Many,1
Many,1
Many,1
Many,1
Many,1
Many,SN0415
Many,SN0415
Many,SN0415
Many,SN0415
Many,SN0415
Many,SN0415
Many,SN0415
Many,SN0415
Many,SN0415
Many,SN0415
Many,SN0415
Many,SN0415
Many,1CCW
Many,1CCW
Many,1CCW
Many,1CCW
Many,1CCW
Many,1CCW
Many,1CCW
Many,1CCW
Many,1CCW
Many,1CCW
Many,1CCW
Many,1CCW
Many,2CCW
Many,2CCW
Many,2CCW
Many,2CCW
Many,2CCW
Many,2CCW
Many,2CCW
Many,2CCW
Many,2CCW
Many,2CCW
Many,2CCW
Many,2CCW
Many,Many
Many,Many
Many,Many
Many,Many
Many,Many
Many,Many
Many,Many
Many,Many
Many,Many
Many,Many
Many,Many
Many,Many
UNT1,CCW1
UNT1,CCW1
UNT1,CCW1
UNT1,CCW1
UNT1,CCW1
UNT1,CCW1
UNT1,CCW1
UNT1,CCW1
UNT1,CCW1
UNT1,CCW1
UNT1,CCW1
UNT1,CCW1
Many,TWR1
Many,TWR1
Many,TWR1
Many,TWR1
Many,TWR1
Many,TWR1
Many,TWR1
Many,TWR1
Many,TWR1
Many,TWR1
Many,TWR1
Many,TWR1
Many,CS-1
Many,CS-1
Many,CS-1
Many,CS-1
Many,CS-1
Many,CS-1
Many,CS-1
Many,CS-1
Many,CS-1
Many,CS-1
Many,CS-1
Many,CS-1
Many,1
Many,1
Many,1
Many,1
Many,1
Many,1
Many,1
Many,1
Many,1
Many,1
Many,1
Many,1
Many,CWS
Many,CWS
Many,CWS
Many,CWS
Many,CWS
Many,CWS
Many,CWS
Many,CWS
Many,CWS
Many,CWS
Many,CWS
Many,CWS
Many,ACC
Many,ACC
Many,ACC
Many,ACC
Many,ACC
Many,ACC
Many,ACC
Many,ACC
Many,ACC
Many,ACC
Many,ACC
Many,ACC
PC1,1
PC1,1
PC1,1
PC1,1
PC1,1
PC1,1
PC1,1
PC1,1
PC1,1
PC1,1
PC1,1
PC1,1
PC2,2
PC2,2
PC2,2
PC2,2
PC2,2
PC2,2
PC2,2
PC2,2
PC2,2
PC2,2
PC2,2
PC2,2
Many,CW
Many,CW
Many,CW
Many,CW
Many,CW
Many,CW
Many,CW
Many,CW
Many,CW
Many,CW
Many,CW
Many,CW
Many,0H0701
Many,0H0701
Many,0H0701
Many,0H0701
Many,0H0701
Many,0H0701
Many,0H0701
Many,0H0701
Many,0H0701
Many,0H0701
Many,0H0701
Many,0H0701
Many,1
Many,1
Many,1
Many,1
Many,1
Many,1
Many,1
Many,1
Many,1
Many,1
Many,1
Many,1
Many,Many
Many,Many
Many,Many
Many,Many
Many,Many
Many,Many
Many,Many
Many,Many
Many,Many
Many,Many
Many,Many
Many,Many
Many,PLANT
Many,PLANT
Many,PLANT
Many,PLANT
Many,PLANT
Many,PLANT
Many,PLANT
Many,PLANT
Many,PLANT
Many,PLANT
Many,PLANT
Many,PLANT
Many,ACC
Many,ACC
Many,ACC
Many,ACC
Many,ACC
Many,ACC
Many,ACC
Many,ACC
Many,ACC
Many,ACC
Many,ACC
Many,ACC
Many,CW
Many,CW
Many,CW
Many,CW
Many,CW
Many,CW
Many,CW
Many,CW
Many,CW
Many,CW
Many,CW
Many,CW
Many,RF
Many,RF
Many,RF
Many,RF
Many,RF
Many,RF
Many,RF
Many,RF
Many,RF
Many,RF
Many,RF
Many,RF
Many,2
Many,2
Many,2
Many,2
Many,2
Many,2
Many,2
Many,2
Many,2
Many,2
Many,2
Many,2
Many,ACC
Many,ACC
Many,ACC
Many,ACC
Many,ACC
Many,ACC
Many,ACC
Many,ACC
Many,ACC
Many,ACC
Many,ACC
Many,ACC
Many,013
Many,013
Many,013
Many,013
Many,013
Many,013
Many,013
Many,013
Many,013
Many,013
Many,013
Many,013
Many,CWS
Many,CWS
Many,CWS
Many,CWS
Many,CWS
Many,CWS
Many,CWS
Many,CWS
Many,CWS
Many,CWS
Many,CWS
Many,CWS
Many,ACC1
Many,ACC1
Many,ACC1
Many,ACC1
Many,ACC1
Many,ACC1
Many,ACC1
Many,ACC1
Many,ACC1
Many,ACC1
Many,ACC1
Many,ACC1
Many,CT101
Many,CT101
Many,CT101
Many,CT101
Many,CT101
Many,CT101
Many,CT101
Many,CT101
Many,CT101
Many,CT101
Many,CT101
Many,CT101
Many,10
Many,10
Many,10
Many,10
Many,10
Many,10
Many,10
Many,10
Many,10
Many,10
Many,10
Many,10
Many,11
Many,11
Many,11
Many,11
Many,11
Many,11
Many,11
Many,11
Many,11
Many,11
Many,11
Many,11
Many,CW01
Many,CW01
Many,CW01
Many,CW01
Many,CW01
Many,CW01
Many,CW01
Many,CW01
Many,CW01
Many,CW01
Many,CW01
Many,CW01
Many,ACC
Many,ACC
Many,ACC
Many,ACC
Many,ACC
Many,ACC
Many,ACC
Many,ACC
Many,ACC
Many,ACC
Many,ACC
Many,ACC
001,CTW100
001,CTW100
001,CTW100
001,CTW100
001,CTW100
001,CTW100
001,CTW100
001,CTW100
001,CTW100
001,CTW100
001,CTW100
001,CTW100
Many,CTW001
Many,CTW001
Many,CTW001
Many,CTW001
Many,CTW001
Many,CTW001
Many,CTW001
Many,CTW001
Many,CTW001
Many,CTW001
Many,CTW001
Many,CTW001
Many,ACC01
Many,ACC01
Many,ACC01
Many,ACC01
Many,ACC01
Many,ACC01
Many,ACC01
Many,ACC01
Many,ACC01
Many,ACC01
Many,ACC01
Many,ACC01
Many,CS01
Many,CS01
Many,CS01
Many,CS01
Many,CS01
Many,CS01
Many,CS01
Many,CS01
Many,CS01
Many,CS01
Many,CS01
Many,CS01
Many,Many
Many,Many
Many,Many
Many,Many
Many,Many
Many,Many
Many,Many
Many,Many
Many,Many
Many,Many
Many,Many
Many,Many
Many,MOCT1
Many,MOCT1
Many,MOCT1
Many,MOCT1
Many,MOCT1
Many,MOCT1
Many,MOCT1
Many,MOCT1
Many,MOCT1
Many,MOCT1
Many,MOCT1
Many,MOCT1
Many,Many
Many,Many
Many,Many
Many,Many
Many,Many
Many,Many
Many,Many
Many,Many
Many,Many
Many,Many
Many,Many
Many,Many
Many,Many
Many,Many
Many,Many
Many,Many
Many,Many
Many,Many
Many,Many
Many,Many
Many,Many
Many,Many
Many,Many
Many,Many
Many,C-TWR1
Many,C-TWR1
Many,C-TWR1
Many,C-TWR1
Many,C-TWR1
Many,C-TWR1
Many,C-TWR1
Many,C-TWR1
Many,C-TWR1
Many,C-TWR1
Many,C-TWR1
Many,C-TWR1
Many,Many
Many,Many
Many,Many
Many,Many
Many,Many
Many,Many
Many,Many
Many,Many
Many,Many
Many,Many
Many,Many
Many,Many
STG1,CS1
STG1,CS1
STG1,CS1
STG1,CS1
STG1,CS1
STG1,CS1
STG1,CS1
STG1,CS1
STG1,CS1
STG1,CS1
STG1,CS1
STG1,CS1
Many,ACC
Many,ACC
Many,ACC
Many,ACC
Many,ACC
Many,ACC
Many,ACC
Many,ACC
Many,ACC
Many,ACC
Many,ACC
Many,ACC
Many,CT1
Many,CT1
Many,CT1
Many,CT1
Many,CT1
Many,CT1
Many,CT1
Many,CT1
Many,CT1
Many,CT1
Many,CT1
Many,CT1
Many,ACC1
Many,ACC1
Many,ACC1
Many,ACC1
Many,ACC1
Many,ACC1
Many,ACC1
Many,ACC1
Many,ACC1
Many,ACC1
Many,ACC1
Many,ACC1
Many,ACC1
Many,ACC1
Many,ACC1
Many,ACC1
Many,ACC1
Many,ACC1
Many,ACC1
Many,ACC1
Many,ACC1
Many,ACC1
Many,ACC1
Many,ACC1
1,1
1,1
1,1
1,1
1,1
1,1
1,1
1,1
1,1
1,1
1,1
1,1
Many,PLANT
Many,PLANT
Many,PLANT
Many,PLANT
Many,PLANT
Many,PLANT
Many,PLANT
Many,PLANT
Many,PLANT
Many,PLANT
Many,PLANT
Many,PLANT
5,5
5,5
5,5
5,5
5,5
5,5
5,5
5,5
5,5
5,5
5,5
5,5
01,ACC
01,ACC
01,ACC
01,ACC
01,ACC
01,ACC
01,ACC
01,ACC
01,ACC
01,ACC
01,ACC
01,ACC
Many,U1ACC
Many,U1ACC
Many,U1ACC
Many,U1ACC
Many,U1ACC
Many,U1ACC
Many,U1ACC
Many,U1ACC
Many,U1ACC
Many,U1ACC
Many,U1ACC
Many,U1ACC
S01,CS1
S01,CS1
S01,CS1
S01,CS1
S01,CS1
S01,CS1
S01,CS1
S01,CS1
S01,CS1
S01,CS1
S01,CS1
S01,CS1
MKA01,PAB
MKA01,PAB
MKA01,PAB
MKA01,PAB
MKA01,PAB
MKA01,PAB
MKA01,PAB
MKA01,PAB
MKA01,PAB
MKA01,PAB
MKA01,PAB
MKA01,PAB
G2101,W7101
G2101,W7101
G2101,W7101
G2101,W7101
G2101,W7101
G2101,W7101
G2101,W7101
G2101,W7101
G2101,W7101
G2101,W7101
G2101,W7101
G2101,W7101
G2201,W7201
G2201,W7201
G2201,W7201
G2201,W7201
G2201,W7201
G2201,W7201
G2201,W7201
G2201,W7201
G2201,W7201
G2201,W7201
G2201,W7201
G2201,W7201
1,1
1,1
1,1
1,1
1,1
1,1
1,1
1,1
1,1
1,1
1,1
1,1
Many,CLTW
Many,CLTW
Many,CLTW
Many,CLTW
Many,CLTW
Many,CLTW
Many,CLTW
Many,CLTW
Many,CLTW
Many,CLTW
Many,CLTW
Many,CLTW
Many,Many
Many,Many
Many,Many
Many,Many
Many,Many
Many,Many
Many,Many
Many,Many
Many,Many
Many,Many
Many,Many
Many,Many
Many,1
Many,1
Many,1
Many,1
Many,1
Many,1
Many,1
Many,1
Many,1
Many,1
Many,1
Many,1
1,1
1,1
1,1
1,1
1,1
1,1
1,1
1,1
1,1
1,1
1,1
1,1
Many,Many
Many,Many
Many,Many
Many,Many
Many,Many
Many,Many
Many,Many
Many,Many
Many,Many
Many,Many
Many,Many
Many,Many
Many,CPV1
Many,CPV1
Many,CPV1
Many,CPV1
Many,CPV1
Many,CPV1
Many,CPV1
Many,CPV1
Many,CPV1
Many,CPV1
Many,CPV1
Many,CPV1
Many,ACC
Many,ACC
Many,ACC
Many,ACC
Many,ACC
Many,ACC
Many,ACC
Many,ACC
Many,ACC
Many,ACC
Many,ACC
Many,ACC
Many,Many
Many,Many
Many,Many
Many,Many
Many,Many
Many,Many
Many,Many
Many,Many
Many,Many
Many,Many
Many,Many
Many,Many
Many,CWS
Many,CWS
Many,CWS
Many,CWS
Many,CWS
Many,CWS
Many,CWS
Many,CWS
Many,CWS
Many,CWS
Many,CWS
Many,CWS
Many,1CT
Many,1CT
Many,1CT
Many,1CT
Many,1CT
Many,1CT
Many,1CT
Many,1CT
Many,1CT
Many,1CT
Many,1CT
Many,1CT
ST1,COOL1
ST1,COOL1
ST1,COOL1
ST1,COOL1
ST1,COOL1
ST1,COOL1
ST1,COOL1
ST1,COOL1
ST1,COOL1
ST1,COOL1
ST1,COOL1
ST1,COOL1
ST1,COOL1
ST1,COOL1
ST1,COOL1
ST1,COOL1
ST1,COOL1
ST1,COOL1
ST1,COOL1
ST1,COOL1
ST1,COOL1
ST1,COOL1
ST1,COOL1
ST1,COOL1
ST1,COOL1
ST1,COOL1
ST1,COOL1
ST1,COOL1
ST1,COOL1
ST1,COOL1
ST1,COOL1
ST1,COOL1
ST1,COOL1
ST1,COOL1
ST1,COOL1
ST1,COOL1
Many,U1ACC
Many,U1ACC
Many,U1ACC
Many,U1ACC
Many,U1ACC
Many,U1ACC
Many,U1ACC
Many,U1ACC
Many,U1ACC
Many,U1ACC
Many,U1ACC
Many,U1ACC
Many,U2ACC
Many,U2ACC
Many,U2ACC
Many,U2ACC
Many,U2ACC
Many,U2ACC
Many,U2ACC
Many,U2ACC
Many,U2ACC
Many,U2ACC
Many,U2ACC
Many,U2ACC
Many,U3ACC
Many,U3ACC
Many,U3ACC
Many,U3ACC
Many,U3ACC
Many,U3ACC
Many,U3ACC
Many,U3ACC
Many,U3ACC
Many,U3ACC
Many,U3ACC
Many,U3ACC
1,RF
1,RF
1,RF
1,RF
1,RF
1,RF
1,RF
1,RF
1,RF
1,RF
1,RF
1,RF
TSE-1,TSE-C1
TSE-1,TSE-C1
TSE-1,TSE-C1
TSE-1,TSE-C1
TSE-1,TSE-C1
TSE-1,TSE-C1
TSE-1,TSE-C1
TSE-1,TSE-C1
TSE-1,TSE-C1
TSE-1,TSE-C1
TSE-1,TSE-C1
TSE-1,TSE-C1
MSP1,CS1
MSP1,CS1
MSP1,CS1
MSP1,CS1
MSP1,CS1
MSP1,CS1
MSP1,CS1
MSP1,CS1
MSP1,CS1
MSP1,CS1
MSP1,CS1
MSP1,CS1
MSP2,CS2
MSP2,CS2
MSP2,CS2
MSP2,CS2
MSP2,CS2
MSP2,CS2
MSP2,CS2
MSP2,CS2
MSP2,CS2
MSP2,CS2
MSP2,CS2
MSP2,CS2
Many,CWS
Many,CWS
Many,CWS
Many,CWS
Many,CWS
Many,CWS
Many,CWS
Many,CWS
Many,CWS
Many,CWS
Many,CWS
Many,CWS
Many,Many
Many,Many
Many,Many
Many,Many
Many,Many
Many,Many
Many,Many
Many,Many
Many,Many
Many,Many
Many,Many
Many,Many
Many,ACC2
Many,ACC2
Many,ACC2
Many,ACC2
Many,ACC2
Many,ACC2
Many,ACC2
Many,ACC2
Many,ACC2
Many,ACC2
Many,ACC2
Many,ACC2
Many,COOL1
Many,COOL1
Many,COOL1
Many,COOL1
Many,COOL1
Many,COOL1
Many,COOL1
Many,COOL1
Many,COOL1
Many,COOL1
Many,COOL1
Many,COOL1
Many,CTW
Many,CTW
Many,CTW
Many,CTW
Many,CTW
Many,CTW
Many,CTW
Many,CTW
Many,CTW
Many,CTW
Many,CTW
Many,CTW
Many,10
Many,10
Many,10
Many,10
Many,10
Many,10
Many,10
Many,10
Many,10
Many,10
Many,10
Many,10
Many,20
Many,20
Many,20
Many,20
Many,20
Many,20
Many,20
Many,20
Many,20
Many,20
Many,20
Many,20
Many,TWR
Many,TWR
Many,TWR
Many,TWR
Many,TWR
Many,TWR
Many,TWR
Many,TWR
Many,TWR
Many,TWR
Many,TWR
Many,TWR
Many,WCC1
Many,WCC1
Many,WCC1
Many,WCC1
Many,WCC1
Many,WCC1
Many,WCC1
Many,WCC1
Many,WCC1
Many,WCC1
Many,WCC1
Many,WCC1
Many,WCC2
Many,WCC2
Many,WCC2
Many,WCC2
Many,WCC2
Many,WCC2
Many,WCC2
Many,WCC2
Many,WCC2
Many,WCC2
Many,WCC2
Many,WCC2
Many,WCC1
Many,WCC1
Many,WCC1
Many,WCC1
Many,WCC1
Many,WCC1
Many,WCC1
Many,WCC1
Many,WCC1
Many,WCC1
Many,WCC1
Many,WCC1
Many,CLTWR
Many,CLTWR
Many,CLTWR
Many,CLTWR
Many,CLTWR
Many,CLTWR
Many,CLTWR
Many,CLTWR
Many,CLTWR
Many,CLTWR
Many,CLTWR
Many,CLTWR
Many,ST1
Many,ST1
Many,ST1
Many,ST1
Many,ST1
Many,ST1
Many,ST1
Many,ST1
Many,ST1
Many,ST1
Many,ST1
Many,ST1
Many,1
Many,1
Many,1
Many,1
Many,1
Many,1
Many,1
Many,1
Many,1
Many,1
Many,1
Many,1
Many,1
Many,1
Many,1
Many,1
Many,1
Many,1
Many,1
Many,1
Many,1
Many,1
Many,1
Many,1
GEN1,ACC1
GEN1,ACC1
GEN1,ACC1
GEN1,ACC1
GEN1,ACC1
GEN1,ACC1
GEN1,ACC1
GEN1,ACC1
GEN1,ACC1
GEN1,ACC1
GEN1,ACC1
GEN1,ACC1
GEN2,ACC2
GEN2,ACC2
GEN2,ACC2
GEN2,ACC2
GEN2,ACC2
GEN2,ACC2
GEN2,ACC2
GEN2,ACC2
GEN2,ACC2
GEN2,ACC2
GEN2,ACC2
GEN2,ACC2
GEN1,ACC1
GEN1,ACC1
GEN1,ACC1
GEN1,ACC1
GEN1,ACC1
GEN1,ACC1
GEN1,ACC1
GEN1,ACC1
GEN1,ACC1
GEN1,ACC1
GEN1,ACC1
GEN1,ACC1
GEN2,ACC2
GEN2,ACC2
GEN2,ACC2
GEN2,ACC2
GEN2,ACC2
GEN2,ACC2
GEN2,ACC2
GEN2,ACC2
GEN2,ACC2
GEN2,ACC2
GEN2,ACC2
GEN2,ACC2
Many,CTW001
Many,CTW001
Many,CTW001
Many,CTW001
Many,CTW001
Many,CTW001
Many,CTW001
Many,CTW001
Many,CTW001
Many,CTW001
Many,CTW001
Many,CTW001
Many,1
Many,1
Many,1
Many,1
Many,1
Many,1
Many,1
Many,1
Many,1
Many,1
Many,1
Many,1
Many,001
Many,001
Many,001
Many,001
Many,001
Many,001
Many,001
Many,001
Many,001
Many,001
Many,001
Many,001
Many,COOL1
Many,COOL1
Many,COOL1
Many,COOL1
Many,COOL1
Many,COOL1
Many,COOL1
Many,COOL1
Many,COOL1
Many,COOL1
Many,COOL1
Many,COOL1
Many,CT
Many,CT
Many,CT
Many,CT
Many,CT
Many,CT
Many,CT
Many,CT
Many,CT
Many,CT
Many,CT
Many,CT
Many,T1
Many,T1
Many,T1
Many,T1
Many,T1
Many,T1
Many,T1
Many,T1
Many,T1
Many,T1
Many,T1
Many,T1
Many,COOLT
Many,COOLT
Many,COOLT
Many,COOLT
Many,COOLT
Many,COOLT
Many,COOLT
Many,COOLT
Many,COOLT
Many,COOLT
Many,COOLT
Many,COOLT
Many,COOLT
Many,COOLT
Many,COOLT
Many,COOLT
Many,COOLT
Many,COOLT
Many,COOLT
Many,COOLT
Many,COOLT
Many,COOLT
Many,COOLT
Many,COOLT
Many,CT-1
Many,CT-1
Many,CT-1
Many,CT-1
Many,CT-1
Many,CT-1
Many,CT-1
Many,CT-1
Many,CT-1
Many,CT-1
Many,CT-1
Many,CT-1
Many,PAB-01
Many,PAB-01
Many,PAB-01
Many,PAB-01
Many,PAB-01
Many,PAB-01
Many,PAB-01
Many,PAB-01
Many,PAB-01
Many,PAB-01
Many,PAB-01
Many,PAB-01
Many,Many
Many,Many
Many,Many
Many,Many
Many,Many
Many,Many
Many,Many
Many,Many
Many,Many
Many,Many
Many,Many
Many,Many
Many,CT-3
Many,CT-3
Many,CT-3
Many,CT-3
Many,CT-3
Many,CT-3
Many,CT-3
Many,CT-3
Many,CT-3
Many,CT-3
Many,CT-3
Many,CT-3
Many,ACC1
Many,ACC1
Many,ACC1
Many,ACC1
Many,ACC1
Many,ACC1
Many,ACC1
Many,ACC1
Many,ACC1
Many,ACC1
Many,ACC1
Many,ACC1
GEN1,11ACC
GEN1,11ACC
GEN1,11ACC
GEN1,11ACC
GEN1,11ACC
GEN1,11ACC
GEN1,11ACC
GEN1,11ACC
GEN1,11ACC
GEN1,11ACC
GEN1,11ACC
GEN1,11ACC
GEN2,21ACC
GEN2,21ACC
GEN2,21ACC
GEN2,21ACC
GEN2,21ACC
GEN2,21ACC
GEN2,21ACC
GEN2,21ACC
GEN2,21ACC
GEN2,21ACC
GEN2,21ACC
GEN2,21ACC
Many,ACC01
Many,ACC01
Many,ACC01
Many,ACC01
Many,ACC01
Many,ACC01
Many,ACC01
Many,ACC01
Many,ACC01
Many,ACC01
Many,ACC01
Many,ACC01
Many,ACC1
Many,ACC1
Many,ACC1
Many,ACC1
Many,ACC1
Many,ACC1
Many,ACC1
Many,ACC1
Many,ACC1
Many,ACC1
Many,ACC1
Many,ACC1
Many,1
Many,1
Many,1
Many,1
Many,1
Many,1
Many,1
Many,1
Many,1
Many,1
Many,1
Many,1
Many,COOLT
Many,COOLT
Many,COOLT
Many,COOLT
Many,COOLT
Many,COOLT
Many,COOLT
Many,COOLT
Many,COOLT
Many,COOLT
Many,COOLT
Many,COOLT
Many,CT1
Many,CT1
Many,CT1
Many,CT1
Many,CT1
Many,CT1
Many,CT1
Many,CT1
Many,CT1
Many,CT1
Many,CT1
Many,CT1
Many,CT2
Many,CT2
Many,CT2
Many,CT2
Many,CT2
Many,CT2
Many,CT2
Many,CT2
Many,CT2
Many,CT2
Many,CT2
Many,CT2
Many,CT
Many,CT
Many,CT
Many,CT
Many,CT
Many,CT
Many,CT
Many,CT
Many,CT
Many,CT
Many,CT
Many,CT
Many,TWR1
Many,TWR1
Many,TWR1
Many,TWR1
Many,TWR1
Many,TWR1
Many,TWR1
Many,TWR1
Many,TWR1
Many,TWR1
Many,TWR1
Many,TWR1
Many,CLTWR
Many,CLTWR
Many,CLTWR
Many,CLTWR
Many,CLTWR
Many,CLTWR
Many,CLTWR
Many,CLTWR
Many,CLTWR
Many,CLTWR
Many,CLTWR
Many,CLTWR
Many,C301
Many,C301
Many,C301
Many,C301
Many,C301
Many,C301
Many,C301
Many,C301
Many,C301
Many,C301
Many,C301
Many,C301
Many,CT-2
Many,CT-2
Many,CT-2
Many,CT-2
Many,CT-2
Many,CT-2
Many,CT-2
Many,CT-2
Many,CT-2
Many,CT-2
Many,CT-2
Many,CT-2
Many,1
Many,1
Many,1
Many,1
Many,1
Many,1
Many,1
Many,1
Many,1
Many,1
Many,1
Many,1
Many,2
Many,2
Many,2
Many,2
Many,2
Many,2
Many,2
Many,2
Many,2
Many,2
Many,2
Many,2
Many,10CWS
Many,10CWS
Many,10CWS
Many,10CWS
Many,10CWS
Many,10CWS
Many,10CWS
Many,10CWS
Many,10CWS
Many,10CWS
Many,10CWS
Many,10CWS
Many,10CWS
Many,10CWS
Many,10CWS
Many,10CWS
Many,10CWS
Many,10CWS
Many,10CWS
Many,10CWS
Many,10CWS
Many,10CWS
Many,10CWS
Many,10CWS
Many,10CWS
Many,10CWS
Many,10CWS
Many,10CWS
Many,10CWS
Many,10CWS
Many,10CWS
Many,10CWS
Many,10CWS
Many,10CWS
Many,10CWS
Many,10CWS
Many,CT
Many,CT
Many,CT
Many,CT
Many,CT
Many,CT
Many,CT
Many,CT
Many,CT
Many,CT
Many,CT
Many,CT
GEN1,CTW01
GEN1,CTW01
GEN1,CTW01
GEN1,CTW01
GEN1,CTW01
GEN1,CTW01
GEN1,CTW01
GEN1,CTW01
GEN1,CTW01
GEN1,CTW01
GEN1,CTW01
GEN1,CTW01
HPPP1,CTWR1
HPPP1,CTWR1
HPPP1,CTWR1
HPPP1,CTWR1
HPPP1,CTWR1
HPPP1,CTWR1
HPPP1,CTWR1
HPPP1,CTWR1
HPPP1,CTWR1
HPPP1,CTWR1
HPPP1,CTWR1
HPPP1,CTWR1
Many,ACC1Z
Many,ACC1Z
Many,ACC1Z
Many,ACC1Z
Many,ACC1Z
Many,ACC1Z
Many,ACC1Z
Many,ACC1Z
Many,ACC1Z
Many,ACC1Z
Many,ACC1Z
Many,ACC1Z
Many,ACC1Z
Many,ACC1Z
Many,ACC1Z
Many,ACC1Z
Many,ACC1Z
Many,ACC1Z
Many,ACC1Z
Many,ACC1Z
Many,ACC1Z
Many,ACC1Z
Many,ACC1Z
Many,ACC1Z
GEN1,CCW-1
GEN1,CCW-1
GEN1,CCW-1
GEN1,CCW-1
GEN1,CCW-1
GEN1,CCW-1
GEN1,CCW-1
GEN1,CCW-1
GEN1,CCW-1
GEN1,CCW-1
GEN1,CCW-1
GEN1,CCW-1
Many,Many
Many,Many
Many,Many
Many,Many
Many,Many
Many,Many
Many,Many
Many,Many
Many,Many
Many,Many
Many,Many
Many,Many
GPS1,ACC1
GPS1,ACC1
GPS1,ACC1
GPS1,ACC1
GPS1,ACC1
GPS1,ACC1
GPS1,ACC1
GPS1,ACC1
GPS1,ACC1
GPS1,ACC1
GPS1,ACC1
GPS2,ACC2
GPS2,ACC2
GPS2,ACC2
GPS2,ACC2
GPS2,ACC2
GPS2,ACC2
GPS2,ACC2
GPS2,ACC2
GPS2,ACC2
GPS2,ACC2
GPS2,ACC2
GPS3,ACC3
GPS3,ACC3
GPS3,ACC3
GPS3,ACC3
GPS3,ACC3
GPS3,ACC3
GPS3,ACC3
GPS3,ACC3
GPS3,ACC3
GEN1,ACC1
GEN1,ACC1
GEN1,ACC1
GEN1,ACC1
GEN1,ACC1
GEN1,ACC1
GEN1,ACC1
GEN2,ACC2
GEN2,ACC2
GEN2,ACC2
GEN2,ACC2
GEN2,ACC2
GEN2,ACC2
GEN2,ACC2
Many,CWS2
Many,CWS2
Many,CWS2
Many,CWS2
Many,CWS2
Many,CWS2
Many,CWS2
Many,CWS2
Many,CWS2
Many,CWS2
Many,CWS2
Many,CWS2
